id,name,brand,category,size,color,status,main_image_filename,main_image_file_id,source_image_count,source_image_file_ids,source_folder_url,instagram_status,notes
MD-0001,L.L.Bean gray quarter-zip pullover,L.L.Bean,Quarter-Zip Pullover,Verify size — supplied labels conflict,Gray,Photo Complete,IMG_4490-Photoroom.jpg,1oQ2JGT5AC09YaiBhOmEcAMQAY5EfLM72,25,1oQ2JGT5AC09YaiBhOmEcAMQAY5EfLM72;1X3yGg47-Bo-r6oXvfYVVVt4gFGjBav22;1lEGJDd5_gVelJ9ju2c40FEo06qChQxE7;1qex8SFpAfYgwg0bWETLU5HknpQqAsHHt;1OwrsaS2bEaHCDiTT0Z3BTHzvyHLxbfgV;1pz3KblImF1KPQ1n-e5M7vbGrinKe3qkg;1ENf8L0KL9Mp9pI-aZev1gb2oUQRgkBwH;1asd_0WnxndSxrUGY_59rjWx7MMNvc7RF;1qcZ2upzAwD-JjmrviOd0HY5yo5LFCKKp;1WphauFpG2CI4ypLJF_01gcldOuofLfm0;1D5BUEoZPfrqq0f3nK95AfckjinYg7wDC;1asrnNHEgzwzrARpY8MmLB6trPMybQ5In;1mFmH6gtf_chJxVO3cfbbwfffkrfjv8NF;1Gd0qwg6NgwpuycmPIYiZZlLSN71SJ-bH;1HNFdMZ5vUdMs-D0zYJlgxU4d0oqeuP1F;1kNMZdUWOEh0I6AiIql6-4h9r-yTuL4IH;1J6IT8pK6EuQlZ9J1_SAdQRm1qC-smJsb;1_9H7_ZyAgbTeGvFGR-zpHgI4Zn5l5xO3;1OB8xqgpL0nibbaWYtPnYe4YqvX0g1yeo;1V5ERHKBzNFc-xty38ynsqqY_szSXHaW4;1ON41NFfrgIegxWjEyfA9G6MdbJ9msW38;1o6gCw6_v-ruU8fT7xzVYyp9wlKQ2TZyb;1MQ7tPjufJQXJyWdx2oH2gQcAgiyEmvFH;1JLJfpR09bsh_t34mx5hl4uN3xuAjKYZe;16Wk1CAgwFoaSBkrFAOD9gkfWoloIvE0k,https://drive.google.com/drive/folders/1i0iepaWtxeM-AtND6O0o282b-KZcUtDC,Not planned,"Magicdeals Wholesale Outlet intake. Source photos 4490–4514 are grouped as one physical item. Original source images and their Drive IDs are retained for condition, label, and measurement verification. No price, condition grade, or unverified measurements are asserted."
MD-0002,Daniel Cremieux beige quarter-zip sweater,Daniel Cremieux,Quarter-Zip Sweater,Unknown,Beige / tan,Photo Complete,IMG_4516-Photoroom.jpg,1Cf6FucAYO595m54oM_uPdFmw7DP5bWAP,8,1LvZdk1CTzszYpvpJTDslsyitZFctDIP_;1Cf6FucAYO595m54oM_uPdFmw7DP5bWAP;1vpz2toxzPRMRnKhhRvkxzUDquEV5xqR9;1Tjdw7cG9wo_z40uOo4cPXmpgqqRlFzzZ;11-0D_ub7f0fnQpanbni6PJj82fU0uz7y;13fqB2SUROWVZPdBh7qmJNjgYE-X_1XxK;18nmTYdmE996M_cEfnJ8rhYjKwSQZYqaM;1_4_fToBeYVfR6Ie6f7wM3kMRKv17-ErN,https://drive.google.com/drive/folders/1i0iepaWtxeM-AtND6O0o282b-KZcUtDC,Not planned,"Magicdeals Wholesale Outlet intake. Source photos 4515–4522 are grouped as one physical item. Original source images and their Drive IDs are retained for condition, label, and measurement verification. No price, condition grade, or unverified measurements are asserted."
MD-0003,Tommy Hilfiger red polo shirt,Tommy Hilfiger,Polo Shirt,XLT,Red,Photo Complete,IMG_4523-Photoroom.jpg,1NHXME9hId-Gr7BLwLQPfjtv9MxvBXhPO,6,1NHXME9hId-Gr7BLwLQPfjtv9MxvBXhPO;1LQTxxPyhJSTp_OcRiKqf4P2H9OJliuT3;1Sr_GKlmIOhJZ4eEHuMPNXCssw47SUqig;1Ej_53ovgwVxlaHHxFQoYF8B5J1deMl7P;1yEObXNGO5BH_NHFbYNhxV5GQnoJZaeBU;15SZ0AFbMkcErxt7EuWcOJ7-Epbhy8uU0,https://drive.google.com/drive/folders/1i0iepaWtxeM-AtND6O0o282b-KZcUtDC,Not planned,"Magicdeals Wholesale Outlet intake. Source photos 4523–4528 are grouped as one physical item. Original source images and their Drive IDs are retained for condition, label, and measurement verification. No price, condition grade, or unverified measurements are asserted."
MD-0004,St. John's Bay blue chamois-cloth shirt,St. John's Bay,Long-Sleeve Button-Down Shirt,XL,Blue,Photo Complete,IMG_4529-Photoroom.jpg,1pPbbkf3E5a6Riwn3pH5T3_uhtJmjxRde,6,1pPbbkf3E5a6Riwn3pH5T3_uhtJmjxRde;1gbKR849-8ZiLiPDhrfGWrKxS6d8XK3rZ;1MPGMWlfgi2DBB5CvbREHsoGOlkpqAP7P;1T0XSRkg6CBMxaIvbxhaPu2FCxU2UU9Z1;1nRE3EHGWJ_p024JCETQVsE-tWRJ1tL-L;1GBh5dgEtsVWnPYBXAyi1zDf_RDXlTMx4,https://drive.google.com/drive/folders/1i0iepaWtxeM-AtND6O0o282b-KZcUtDC,Not planned,"Magicdeals Wholesale Outlet intake. Source photos 4529–4534 are grouped as one physical item. Original source images and their Drive IDs are retained for condition, label, and measurement verification. No price, condition grade, or unverified measurements are asserted."
MD-0005,Polo Ralph Lauren purple polo shirt,Polo Ralph Lauren,Polo Shirt,M,Purple,Photo Complete,IMG_4535-Photoroom.jpg,1A3b-7oHYDFjN6uu5Vr5UhfKRLp_NIlf8,6,1A3b-7oHYDFjN6uu5Vr5UhfKRLp_NIlf8;145DcTWvz526BkvfTHQazmfGFDwNLH5wR;1CdxW_L2rylnHom2xxPda0fuGnEJxk8Qf;1x0tJGxe0SZjQEJrr61H0fTjtdS5hF5ep;14vIRV2O9YpYfJ5TgEIQ9foTwIw8ctiBO;1M1PdeS6IHEVEGw7Pp4gbiKW2AWqy9_Hq,https://drive.google.com/drive/folders/1i0iepaWtxeM-AtND6O0o282b-KZcUtDC,Not planned,"Magicdeals Wholesale Outlet intake. Source photos 4535–4542 are grouped as one physical item. Original source images and their Drive IDs are retained for condition, label, and measurement verification. No price, condition grade, or unverified measurements are asserted."
MD-0006,Jordan Brand white graphic T-shirt,Jordan Brand,Graphic T-Shirt,L,White,Photo Complete,IMG_4543-Photoroom.jpg,1PS5eDNt2-tJfiapwkDFzOojBMWMsiSdR,4,1PS5eDNt2-tJfiapwkDFzOojBMWMsiSdR;1KUFoLVDcl8-ivQr25iAAOElX5HwggOln;1aKZB3iNluU-DO8INhbw5sIKG4w1Q61Zy;1pfPrq333_sAZkzKVMBZO-K509sZdZQ2J,https://drive.google.com/drive/folders/1i0iepaWtxeM-AtND6O0o282b-KZcUtDC,Not planned,"Magicdeals Wholesale Outlet intake. Source photos 4543–4546 are grouped as one physical item. Original source images and their Drive IDs are retained for condition, label, and measurement verification. No price, condition grade, or unverified measurements are asserted."
MD-0007,Daniel Cremieux brown V-neck knit sweater,Daniel Cremieux,V-Neck Sweater,M,Brown,Photo Complete,IMG_4547-Photoroom.jpg,1xhv2GGtlRM00qzmH3-HsrhfHPQGvMDpF,8,1xhv2GGtlRM00qzmH3-HsrhfHPQGvMDpF;1HOU3OrbZARbD84ZJ4iC6YrBSk08Xj8EN;1XCYZgt_v6-Go25TWdo02Nv6vf6kRA4S7;1Xb9zZVS80B-8SHdP6BQJ8-izmV29XdNN;1VfGL1S9vriM0i6ElJPjZOjnz2vA5naFi;1ZDbLk44FY-hjJ1ki52b7mhHiioiExo92;10-ohH0pbRiI6ULc2ezw85PKOA6vP54Dn;1Sa_XTeQHnL5vEDQrgL7GnFSWu5i-SBM8,https://drive.google.com/drive/folders/1i0iepaWtxeM-AtND6O0o282b-KZcUtDC,Not planned,"Magicdeals Wholesale Outlet intake. Source photos 4547–4556 are grouped as one physical item. Original source images and their Drive IDs are retained for condition, label, and measurement verification. No price, condition grade, or unverified measurements are asserted."
MD-0008,Eddie Bauer gray quarter-zip pullover,Eddie Bauer,Quarter-Zip Pullover,XL,Gray,Photo Complete,IMG_4561-Photoroom.jpg,1-NDMUhydGJnBR55Dvc-fzO3Vf5clgxDo,9,1UbtAjJZ5QSEq6yYvw3l0trJMTk3brJ7n;1-NDMUhydGJnBR55Dvc-fzO3Vf5clgxDo;1celm5s_jWstJBinOEVGvMPOwglZsu8K2;1to9zGy0BJjhsTYyFfdF99BCvtZgRQ2WG;179DvoHgKW8psVA0Twhow-jVH1sZ9gt4E;17lEdPGeBXDYZTVAeUF5dwA2FsiEB0wsR;1rY0ylHDT9MEkL-b1Lz_tMbMUcearY7gu;1Y2rUdqWTxQ4mOy7uSs_Vkim4dshg_x7g;1n8ywvPmWAkiy7gX2qCqJ-KmWj8TsYlrW,https://drive.google.com/drive/folders/1i0iepaWtxeM-AtND6O0o282b-KZcUtDC,Not planned,"Magicdeals Wholesale Outlet intake. Source photos 4559–4570 are grouped as one physical item. Original source images and their Drive IDs are retained for condition, label, and measurement verification. No price, condition grade, or unverified measurements are asserted."
MD-0009,Polo Ralph Lauren gray polo shirt,Polo Ralph Lauren,Polo Shirt,S,Gray,Photo Complete,IMG_4574-Photoroom.jpg,1aOzsst6MJbVJiVhJn4K1aj9rCmlB6w8z,5,1aOzsst6MJbVJiVhJn4K1aj9rCmlB6w8z;1w3ZUvQIpiktgWlD33flp2hUkBpA95HP1;1WVxpzcQBR5Txh5AwuSmeOCxfCPHWvBAG;1rhgl5WpemDRidL8dhXFQzWqxVVegV30_;1yNSo4r0bsYu6h9IKuiimo38Vyo96PcIy,https://drive.google.com/drive/folders/1i0iepaWtxeM-AtND6O0o282b-KZcUtDC,Not planned,"Magicdeals Wholesale Outlet intake. Source photos 4574–4580 are grouped as one physical item. Original source images and their Drive IDs are retained for condition, label, and measurement verification. No price, condition grade, or unverified measurements are asserted."
MD-0010,Nike New Orleans Saints Dri-FIT polo shirt,Nike,Polo Shirt,2XL,Black,Photo Complete,IMG_4582-Photoroom.jpg,1BhUJqQDmZNn3LLUyI-aKSyWZe09cBDKK,3,1BhUJqQDmZNn3LLUyI-aKSyWZe09cBDKK;1xqbFWwM2QrFf8OSkbPbgtRQIfwFO6CCZ;1Dv9paZxf8zDTr9qL6kpFGS1RG2DC7SwD,https://drive.google.com/drive/folders/1i0iepaWtxeM-AtND6O0o282b-KZcUtDC,Not planned,"Magicdeals Wholesale Outlet intake. Source photos 4582–4586 are grouped as one physical item. Original source images and their Drive IDs are retained for condition, label, and measurement verification. No price, condition grade, or unverified measurements are asserted."
MD-0011,Nike New Orleans Saints Dri-FIT polo shirt,Nike,Polo Shirt,3XL,Black,Photo Complete,IMG_4588-Photoroom.jpg,1vSrRSdyXvoVuFa2ykY7m5Eh7nGXjCMo9,5,1vSrRSdyXvoVuFa2ykY7m5Eh7nGXjCMo9;1rOLLKsE_2taNyPW66TIOqSvqidY4hU-H;1SZIF7dws0mNEpy4gvBjVtK7fwDRALjg7;1rucx8B41OLSZHomG2vjIFvK0bkoFs3LH;1zF2uhwC6cWEwVjzNQZn6QGbHA9q1sENo,https://drive.google.com/drive/folders/1i0iepaWtxeM-AtND6O0o282b-KZcUtDC,Not planned,"Magicdeals Wholesale Outlet intake. Source photos 4588–4593 are grouped as one physical item. Original source images and their Drive IDs are retained for condition, label, and measurement verification. No price, condition grade, or unverified measurements are asserted."
MD-0012,Free Fly black quarter-zip pullover,Free Fly,Quarter-Zip Pullover,Verify size — supplied labels vary,Black,Photo Complete,IMG_4700-Photoroom.jpg,1JvWICXFnC6GmmAI0p9IOQI4mlFQne6Gj,20,1JvWICXFnC6GmmAI0p9IOQI4mlFQne6Gj;16xEcLUemhvlphY0C5oNu8PFBPV4DEZho;1AzVrUoqzvzg_7I3a94ldjHmAwtK0aRfU;1trgdHGEwtN_65sQ3rdlep5eI6dCQEkk9;1YaZkIsEnGSJk43T_bhK1q3rf7NA47n5B;12gkMbWQ3nkCVDcuHYunLpq7DoLZO6pS7;10pbPGYiRPOAtdiWlGTkojlqY-M1v-1sH;1FOJba75HQRw2D_6XPk7s0zrO-LbTIIz_;1CQA6eR9K67EKdKxbcOa1ww8Dhu62HtJH;1TU3tiwlq86rU6vaYRPew-8LAI19Y3aHj;13aj9d1TWLzx1eUgeboYeahdySNekxJhE;13iV8M-0aZwEOo8RRyr1mMihAwfGX34y_;1oIsxK4UPmw-_I4qC5B1YeitYrj-T4jRu;1w73KprNA_wpifSoRh--S9sp7u0liNlGT;1RQJIFKus8mWpnG1wJeupiU88Zxj1lgFX;1ElxD5vjQyf-8ex3uHQApmETCyUtuJMDh;11wquiW-361QBnxlPRJDz1q9xMVXA3Vlu;1KxXk58U7Hw1cnc1rtnglVuPikckDhtXl;1rHpZREDIICFHohMapLdIzXZdHsBN6Qor;1PYftqDnWKMQhX3CxvtCpeJ1xgqquRdGP,https://drive.google.com/drive/folders/1i0iepaWtxeM-AtND6O0o282b-KZcUtDC,Not planned,"Magicdeals Wholesale Outlet intake. Source photos 4700–4719 are grouped as one physical item. Original source images and their Drive IDs are retained for condition, label, and measurement verification. No price, condition grade, or unverified measurements are asserted."
MD-0013,Nike Phantom black and neon soccer cleats,Nike,Soccer Cleats,Unknown,Black / neon yellow-green,Photo Complete,IMG_4720-Photoroom.jpg,1wYxLGttn229xb56CFUU7k8pAie7z5i2x,18,1wYxLGttn229xb56CFUU7k8pAie7z5i2x;1imvDlG838DbDPSepPmdFYVn8EIwIRFW0;16qNIYjUJd0MShvPAy7Za0ByPhtDi0bj-;1H71t0n9B30e0y0nNwJ8YAv0rqe3AvnZh;1P3c3ULDPUqSLAOC56Sfm80OJP7ZCEBgo;1R9JEfygmBoeJUmYDS8diRduPAt48y3v8;1iaxmfs6n4zbguqb7RBkmkrQNuZuYBAu3;1yMkdX7XMf9Aw6Xnt1zIw0mQUYTSFiE4a;1Ci700pFI8UxtZnczmg_CC6iUZedxTPHo;1iWg6XQVoahz2XNLgyCUM_llvnI6yOG-Z;1D6TH5UYjrTDOTkUxtPSDEm8Cyh6FKU8t;1o2SlK_hkZRRoK4jcC2wB-tXv7Kg57tA8;1ODZ0rgwBr9PS4pLulrPoU6cPDCqCrKJU;1I37Pcx7HjpmK83Ojlqnbr_JlFYompVQJ;1Gw9RwjN6UQeMs1gOuZCHD2qbhtyUGNu1;1_KMuffxTsGBzhsx5Q8sVG4BwPsJhw_58;1ZA3u2Mmx1SRHW2JDE-FZOAUj3I4B7CRD;107XL9miZxVGX__RzPYQzF7m8u9Mzaay-,https://drive.google.com/drive/folders/1i0iepaWtxeM-AtND6O0o282b-KZcUtDC,Not planned,"Magicdeals Wholesale Outlet intake. Source photos 4720–4737 are grouped as one physical item. Original source images and their Drive IDs are retained for condition, label, and measurement verification. No price, condition grade, or unverified measurements are asserted."
MD-0014,Nike pink and black soccer cleats,Nike,Soccer Cleats,Unknown,Pink / black,Photo Complete,IMG_4754-Photoroom.jpg,1bxQr7Gl7UCrWaMito68LFd2OBm69Xv6k,10,1bxQr7Gl7UCrWaMito68LFd2OBm69Xv6k;1l57pvlyHwsn0KanEhDvtzlL-e4D8KPXI;1zZtamaBKeTzDW1HEFDhmF3QmSvjG9O6G;1vJN9SAOcmNArsof6qmPmMtwR-zLAENO3;1ocEkgyXl5qAejGtEleZzymxjFsLyaeby;18h__Tj_IHCLCi7KmEQC5Qe-Wq8w7MFvJ;12hEO5LNi84NboU5YAW2VJG0YKzftRp4X;1FpspySJ17XF73FaaWZfuA0_fi_2uKED7;1CZOuC5WkvEJory2OzFFfXYfmpg1a8QQs;1hoEQXCPEH-kGOcmPPxtuiWQtHTLeFzZK,https://drive.google.com/drive/folders/1i0iepaWtxeM-AtND6O0o282b-KZcUtDC,Not planned,"Magicdeals Wholesale Outlet intake. Source photos 4754–4763 are grouped as one physical item. Original source images and their Drive IDs are retained for condition, label, and measurement verification. No price, condition grade, or unverified measurements are asserted."
MD-0015,Kuhl gray-blue plaid short-sleeve button-down,Kuhl,Short-Sleeve Button-Down Shirt,XL,Gray / blue plaid,Photo Complete,IMG_4845-Photoroom.jpg,1nt1Dk8AGjWa1bE6Wtqqjasm2GPnIHk79,6,1nt1Dk8AGjWa1bE6Wtqqjasm2GPnIHk79;1-4Z94_G0zvXRi6ZIUX8wyF6TYkdfHMc0;1cCDkj46ViUNnG6cni7t1I0FPnV3PlWsu;1sAF_Txx-b07oH1NJ9oY1CldO1QoQijQy;1bjMZd3MLiMvdWjeXsPfvs_yqFWwkDpgh;1NXW2WbWSAY47MINtbTdQOAilAU-jG3rs,https://drive.google.com/drive/folders/1i0iepaWtxeM-AtND6O0o282b-KZcUtDC,Not planned,"Magicdeals Wholesale Outlet intake. Source photos 4845–4850 are grouped as one physical item. Original source images and their Drive IDs are retained for condition, label, and measurement verification. No price, condition grade, or unverified measurements are asserted."
MD-0016,Nike Arkansas maroon short-sleeve T-shirt,Nike,T-Shirt,M,Maroon,Photo Complete,IMG_4851-Photoroom.jpg,1bgZHrclJHm3-aQbWrOkEvVqX1vNU1umL,6,1bgZHrclJHm3-aQbWrOkEvVqX1vNU1umL;1qTku0v1ziCZgALxRyGNbTljlZv6eVtEW;10olW-JqeVbxIdNYKTYGSVMv_uqgQUKdc;1xlolD4UnRYt_fFNVY8hv5XqaI77mZ08o;1g04P1hkjR6KGyQOMsEWFL2ayGSimdDH_;1MMJJ4CqJDlNEBWde8kyOOeUw94rFN1FW,https://drive.google.com/drive/folders/1i0iepaWtxeM-AtND6O0o282b-KZcUtDC,Not planned,"Magicdeals Wholesale Outlet intake. Source photos 4851–4856 are grouped as one physical item. Original source images and their Drive IDs are retained for condition, label, and measurement verification. No price, condition grade, or unverified measurements are asserted."
MD-0017,Marvel Venom black graphic T-shirt,Marvel,Graphic T-Shirt,L,Black,Photo Complete,IMG_4857-Photoroom.jpg,1RoMy8rP9pe9zmUuvEfaLES9PHFxbdAiA,7,1RoMy8rP9pe9zmUuvEfaLES9PHFxbdAiA;1lFbpI9n5cpD_jVGelGoUkPS9xe1iLe__;1anYQHJ1ClJVBMdlzZbiL0z3ZNYL5i-Tr;10obV0oS07jyT-cogm8Nu7G8rJU1Gsr1k;12oUXAVDKLAIfhbEt6XTzCVl-DFYQgLC3;1pDqG8VYh8WY2B7q4urWxVgnQ0MQWDdrn;1Kha4GRN3jjRiCVgPBF8s03lGwvwiwhIt,https://drive.google.com/drive/folders/1i0iepaWtxeM-AtND6O0o282b-KZcUtDC,Not planned,"Magicdeals Wholesale Outlet intake. Source photos 4857–4863 are grouped as one physical item. Original source images and their Drive IDs are retained for condition, label, and measurement verification. No price, condition grade, or unverified measurements are asserted."
MD-0018,Nike blue Dri-FIT short-sleeve T-shirt,Nike,Dri-FIT T-Shirt,M,Blue,Photo Complete,IMG_4864-Photoroom.jpg,1WsrCKkt3R6MCsV89yKBpYq6vdo4T-nu5,7,1WsrCKkt3R6MCsV89yKBpYq6vdo4T-nu5;1x5zy6GJNyZjeMuWAFVIL5fdhdXOzbEpd;1EWa_GtKBb3XJitQPf6ONZ9DdLriv3ez4;1Nb_HsJdYwgoXVo4kuBmUQJ5loM_ktDyU;1Eu1fo15Ze--OlAU8_bVdeES5cBlNKdbM;16U3GXU2pBxsYxzAgazl5LCzc6jJRDrPM;175PrteOleW1VDG_r5IWYbF3qlsU_J0Rq,https://drive.google.com/drive/folders/1i0iepaWtxeM-AtND6O0o282b-KZcUtDC,Not planned,"Magicdeals Wholesale Outlet intake. Source photos 4864–4870 are grouped as one physical item. Original source images and their Drive IDs are retained for condition, label, and measurement verification. No price, condition grade, or unverified measurements are asserted."
MD-0019,Marvel black tie-dye graphic T-shirt,Marvel,Graphic T-Shirt,S,Black / multicolor,Photo Complete,IMG_4871-Photoroom.jpg,14gcsY4mEaksHhZbKfdq8-EQWtimiSLpM,5,14gcsY4mEaksHhZbKfdq8-EQWtimiSLpM;1D3oFWd5Yb-j4l00bzXUB_cmlTzJGuw4N;11-Mlk2awjE-J062PIXalDaRdar-PouAP;1ZQ6IlHF2OqgLkZFcNWsV9JO_88N3MPRe;1x3lxmbPaFcEl_5MzfR7eB67HL0RLwN1A,https://drive.google.com/drive/folders/1i0iepaWtxeM-AtND6O0o282b-KZcUtDC,Not planned,"Magicdeals Wholesale Outlet intake. Source photos 4871–4875 are grouped as one physical item. Original source images and their Drive IDs are retained for condition, label, and measurement verification. No price, condition grade, or unverified measurements are asserted."
MD-0020,adidas Golf olive short-sleeve T-shirt,adidas,T-Shirt,M,Olive green,Photo Complete,IMG_4876-Photoroom.jpg,1w8d2TA40G4gw1kvbW1zh87426PWW0xro,5,1w8d2TA40G4gw1kvbW1zh87426PWW0xro;1Oc9eEfR-vxB18deIonkn3vycMwgVpqZk;1QJjThr8AT-LapQGuQ4nkf0YHOEtPhUhS;15u1ZeEQIJ6F23vOAYM9M7R3zjSE0LpdB;1fA6Jx-4S83J6JhrLFp8LcevUVkiPGT4F,https://drive.google.com/drive/folders/1i0iepaWtxeM-AtND6O0o282b-KZcUtDC,Not planned,"Magicdeals Wholesale Outlet intake. Source photos 4876–4880 are grouped as one physical item. Original source images and their Drive IDs are retained for condition, label, and measurement verification. No price, condition grade, or unverified measurements are asserted."
MD-0021,Nike dark teal athletic T-shirt,Nike,Athletic T-Shirt,Unknown,Dark teal,Photo Complete,IMG_4881-Photoroom.jpg,1zNuiFwKMiO4MwFbBVQ9q3Ar1W0lxwOmI,4,1zNuiFwKMiO4MwFbBVQ9q3Ar1W0lxwOmI;1VzIdPoFOadNL7d8KPQv6V0MUkBqYD1df;1cFloDiVVnxTURLQAptp9zBCWQyY5SZ6d;1lEAKQXSA9j1VJ-uo0WLhGimFAjQkEyxd,https://drive.google.com/drive/folders/1i0iepaWtxeM-AtND6O0o282b-KZcUtDC,Not planned,"Magicdeals Wholesale Outlet intake. Source photos 4881–4884 are grouped as one physical item. Original source images and their Drive IDs are retained for condition, label, and measurement verification. No price, condition grade, or unverified measurements are asserted."
MD-0022,St. John's Bay charcoal-gray fleece quarter-zip pullover,St. John's Bay,Fleece Quarter-Zip Pullover,Verify size — supplied labels conflict,Charcoal gray,Photo Complete,IMG_5067-Photoroom.jpg,1zQZ6yD7OLDvqyEQVLtEzgXTS29wpW8my,7,1zQZ6yD7OLDvqyEQVLtEzgXTS29wpW8my;1j1yKjbSx8tgEMBVjgUJcC4VsxSKnfd1i;1EfRjw4XEAXzQ5VgQvxyNVjo9w8R9Xn_Q;1Zt0Infn5s-Stry8RbTJDF5Z0KYbn3a4v;1P2RZBLLkc34-x6dqs5mfrOuJjpaCqJ_x;1OvmcqfKMeGnVIoycy2lfoBcukc6PCsz4;15mY7QhZQg-roodF-sCKJ-1ezC7m_8cXn,https://drive.google.com/drive/folders/1i0iepaWtxeM-AtND6O0o282b-KZcUtDC,Not planned,"Magicdeals Wholesale Outlet intake. Source photos 5067–5073 are grouped as one physical item. Original source images and their Drive IDs are retained for condition, label, and measurement verification. No price, condition grade, or unverified measurements are asserted."
MD-0023,Daniel Cremieux brown cable-knit crewneck sweater,Daniel Cremieux,Cable-Knit Sweater,XL,Brown,Photo Complete,IMG_5074-Photoroom.jpg,1IyT2ZpR7lkGeH1G6x3cUk9t-xZ3cjO7M,11,1IyT2ZpR7lkGeH1G6x3cUk9t-xZ3cjO7M;1fkwgwL-iKnVeABait9SFnMTQBfRaTzRD;1DvIefmMHRw3c45JSNdCqdZ0q2OcYkKXP;1h9vP338tqut7Vzyce1T6wHxUWCE8j8sK;17WmtiIf4z5ruSBNjuxdIWt_vq4BgelT1;18y6-HvYBjEcRWXxON-y2gLe4CEmXxdmt;1jamka3kZRVAtQnc05TgsnJwwHJC_QlN4;1rtYyODGUxXOEiB85mcDnqTKmlh_RyFK_;1GaZn07wpCy1QRTbP_HTsuuE5bozdiI-8;10bVUk8WE04vnhcVagCbQEnwYeSA136Xo;1apxgQK7e8A9_k90VHWdtHfqgB2iktjcf,https://drive.google.com/drive/folders/1i0iepaWtxeM-AtND6O0o282b-KZcUtDC,Not planned,"Magicdeals Wholesale Outlet intake. Source photos 5074–5084 are grouped as one physical item. Original source images and their Drive IDs are retained for condition, label, and measurement verification. No price, condition grade, or unverified measurements are asserted."
MD-0024,Levi's dark-gray five-pocket jeans,Levi's,Jeans,Unknown,Dark gray,Photo Complete,IMG_5085-Photoroom.jpg,1xGP7Rbp3jEPfHmVnWJ1ej6T2j9ZplfNH,9,1xGP7Rbp3jEPfHmVnWJ1ej6T2j9ZplfNH;1_eAkuPLUfk9NSCM_GWUOpKXoLwmnNJ6q;1TWhTJjEEgrMePJz5LHHLH-UNHkR2IrSK;1n6CXfLQxpU6peO2qobPQ2j4DWIH-M6wP;1-BsIAIYkpveLgp2MXXtj2xFnAJ2nlX_j;1JOdOpcYzC12IUQHJqIrhDMU6h5ENZ8wN;1HrJmBFuvhp22AHj32lH8elwXLKdVg6m6;1tAzcs5kS3765Loa25IF_cbC1Rt9WgpTW;1Iv_T9nAMMhqAQUsSH_4i99t4CcdKZLHK,https://drive.google.com/drive/folders/1i0iepaWtxeM-AtND6O0o282b-KZcUtDC,Not planned,"Magicdeals Wholesale Outlet intake. Source photos 5085–5094 are grouped as one physical item. Original source images and their Drive IDs are retained for condition, label, and measurement verification. No price, condition grade, or unverified measurements are asserted."
MD-0025,Eddie Bauer black performance pants,Eddie Bauer,Performance Pants,Unknown,Black,Photo Complete,IMG_5095-Photoroom.jpg,1SsEUw4qRIEQ1OhFKRQU-0uHtGtMziABH,6,1SsEUw4qRIEQ1OhFKRQU-0uHtGtMziABH;1Jzz58UN-0UsUaJddveI0oz4Z6Q9sj0YX;122k2zQu6QkkCWTeB1KHfsMD0LMncN7nT;1mY4RXEzHPTAjTR3hSt-HZ32BAGdZ9pbJ;1ZjuNV484ahko11B0MiiLZ-fWV6oacODj;1yrauO0upzJ2IUeHDvYY6XrVpcmmcF21z,https://drive.google.com/drive/folders/1i0iepaWtxeM-AtND6O0o282b-KZcUtDC,Not planned,"Magicdeals Wholesale Outlet intake. Source photos 5095–5100 are grouped as one physical item. Original source images and their Drive IDs are retained for condition, label, and measurement verification. No price, condition grade, or unverified measurements are asserted."
MD-0026,Under Armour navy quarter-zip performance top,Under Armour,Quarter-Zip Performance Top,L,Navy blue,Photo Complete,IMG_5102-Photoroom.jpg,1gS4utaAO5TDDYyQbXlSRBtQU9bKnGmkg,11,1gS4utaAO5TDDYyQbXlSRBtQU9bKnGmkg;13GDZI7DxsnswaG4fFf87GA5Y3FYb8UPa;1fABp8HcDIwU5QObnTE77EhCdQF94PqtT;14DA7Ckc_pV1v7Lm13GKEtiop_6Of8EJm;1N-H5JKJL5tKEnkJafgVoPuaSZAxGuOKO;1Ueo3kbf6Eo6X6c2M1RNAtivd3mY2Lx9l;14yHKu3FKdi-46E8k-nd8IQhNXYvJDMtH;1GFj0_D6JxRfYEFAhx2d2HxmWKYE9_OCW;1O6-YErg8pXJS6RLRuygbV-PnluswfZn3;1h_VKJigMUrzvyChsqRG2bOB87OsUCvXG;1XSWLvcV7QXItdlSc3KNFZCFTvy9YU-1t,https://drive.google.com/drive/folders/1i0iepaWtxeM-AtND6O0o282b-KZcUtDC,Not planned,"Magicdeals Wholesale Outlet intake. Source photos 5102–5112 are grouped as one physical item. Original source images and their Drive IDs are retained for condition, label, and measurement verification. No price, condition grade, or unverified measurements are asserted."
MD-0027,Polo Ralph Lauren gray-and-white striped quarter-zip,Polo Ralph Lauren,Quarter-Zip Pullover,L,Gray / white,Photo Complete,IMG_5113-Photoroom.jpg,1Q9g3mzmCMFAcmpM-pEiYQV1J9At6dVnq,7,1Q9g3mzmCMFAcmpM-pEiYQV1J9At6dVnq;1idZlHmS-1PYe4TaHl1PoRk7JSrmwcntI;1cQSXOvaKQU7ev_OlAfkE8fZ3F5tCI9hd;1a0zbRjo1GNcFjgO4D-ZfeTNqkuZFici8;1YlWp5K1yGgs7_YTFNkPxldgVsdIRVIK6;1dER5X3sXUfw58mUEXiBUWRKVf05GYc8v;1GD4xwQ9Pp0si683ozb-bQQrRQRw0Bcl0,https://drive.google.com/drive/folders/1i0iepaWtxeM-AtND6O0o282b-KZcUtDC,Not planned,"Magicdeals Wholesale Outlet intake. Source photos 5113–5119 are grouped as one physical item. Original source images and their Drive IDs are retained for condition, label, and measurement verification. No price, condition grade, or unverified measurements are asserted."
MD-0028,Colosseum Arkansas Razorbacks red-and-white quarter-zip,Colosseum,Quarter-Zip Athletic Pullover,L,Cardinal red / white,Photo Complete,IMG_5121-Photoroom.jpg,1VUSwAGPzt2xmrNRbD7G9YQeiZpXimwLj,9,1Mz6k11C8oiFNlezVGXLjuTN4BwZ_LFNq;1VUSwAGPzt2xmrNRbD7G9YQeiZpXimwLj;13oi8l7zUBoPoKPUwigXu3hKUNYDVx-HV;1HjNMN_wmLfBv8iu_GWECG4pCWoPVJB7k;14huwZf4YSaxB7r7mpNIWO3mj0eo5iGMj;1AzELIH0ZY4x8WbDLerO9EBWKyhE8uPRF;1awnKwUmvTvkKgo6mC39orpM843_Q6yPa;1vfPXHd0dDBDcc8puv06boCNSFPP5efA6;1c4NtM5XwaeveMLgB5pLE7H3YgUOjJpmV,https://drive.google.com/drive/folders/1i0iepaWtxeM-AtND6O0o282b-KZcUtDC,Not planned,"Magicdeals Wholesale Outlet intake. Source photos 5120–5128 are grouped as one physical item. Original source images and their Drive IDs are retained for condition, label, and measurement verification. No price, condition grade, or unverified measurements are asserted."
MD-0029,adidas black-and-pink soccer cleats,adidas,Soccer Cleats,UK 5 / EU 38,Black / pink,Photo Complete,IMG_5129-Photoroom.jpg,1ToiSUiCXDmaCCRLcvBJQQ2GSFnrgmT8Z,7,1ToiSUiCXDmaCCRLcvBJQQ2GSFnrgmT8Z;1uh0SQK2i_ZerBYFlEYJlR8sVauom8BPT;18KNRxrowqbzG5LVdjfeJuGTnYxTyMrQ1;1UZU0CUjHK1CdJDhaJQ70RqyaFSLHdhzA;19oez_y50Tgr6vOrJLUi_2DdAeDctxojU;168qHwypzwjSuEZKdgrBAsIwoIHwkKHSh;1Slo-pj1MyIHtfZygUEs8yyMQCvmk__RY,https://drive.google.com/drive/folders/1i0iepaWtxeM-AtND6O0o282b-KZcUtDC,Not planned,"Magicdeals Wholesale Outlet intake. Source photos 5129–5135 are grouped as one physical item. Original source images and their Drive IDs are retained for condition, label, and measurement verification. No price, condition grade, or unverified measurements are asserted."
MD-0030,Hurley off-white long-sleeve graphic sun shirt,Hurley,Long-Sleeve Sun / Performance Shirt,Youth XL (14/16),Off-white / aqua,Photo Complete,IMG_5136-Photoroom.jpg,1UYJY9dd2wQvCnmAIUZ0dyOOPAy3Zzy14,5,1UYJY9dd2wQvCnmAIUZ0dyOOPAy3Zzy14;1A_X8QsziViCUZ2caBjNl7xhNbMEB9hsJ;1g6avrJVKgKaprU6HJj6YnVtZvRnT_el7;1S43FSI-n-rUe-YyTPXTsGUVG0hB2hKZP;1_f-YGjN0Un5e-rl7-1fpapIpaYTM3rPk,https://drive.google.com/drive/folders/1i0iepaWtxeM-AtND6O0o282b-KZcUtDC,Not planned,"Magicdeals Wholesale Outlet intake. Source photos 5136–5140 are grouped as one physical item. Original source images and their Drive IDs are retained for condition, label, and measurement verification. No price, condition grade, or unverified measurements are asserted."
MD-0031,Black performance shorts with gray liner and neon accents,Unknown,Performance Shorts,Unknown,Black / gray / neon yellow-green,Photo Complete,IMG_5141-Photoroom.jpg,1i3t1jXq8wNVRbmxsO9PkaUzwUKzBljWX,6,1i3t1jXq8wNVRbmxsO9PkaUzwUKzBljWX;10qNty74R6h96n28k4upwCbsfrbtbagsd;1sOT7w65cgvUP134kAj1DWiy4PLsPYS35;1YaxSXIsx4SzgNNS4Ljj5lBdXyYXUEaOn;1izWaq1yvdLbLgStgEu21nhTbFEhGsVWe;1Flv70K2Q83iPj5RyRX4s-8C-VMm5_fUI,https://drive.google.com/drive/folders/1i0iepaWtxeM-AtND6O0o282b-KZcUtDC,Not planned,"Magicdeals Wholesale Outlet intake. Source photos 5141–5146 are grouped as one physical item. Original source images and their Drive IDs are retained for condition, label, and measurement verification. No price, condition grade, or unverified measurements are asserted."
MD-0032,UGG black shearling-lined slipper shoes,UGG,Slipper Shoes,Unknown,Black,Photo Complete,IMG_5147-Photoroom.jpg,1_xrAN4mNn1m_9yoawxqrhUQmeEVrNqny,5,1_xrAN4mNn1m_9yoawxqrhUQmeEVrNqny;1-pNMEHTDVcC8rgrdMB__8nK-RALMEi1P;1rstqhaGUbBUEhyakrcxkAeonKOQZjryM;1WfOI43xT9jXfqXe9EjvWNiODnTEdEGhr;1lA4mnJOUyV1SyyPW4qW4EXPZ7I0NKFYK,https://drive.google.com/drive/folders/1i0iepaWtxeM-AtND6O0o282b-KZcUtDC,Not planned,"Magicdeals Wholesale Outlet intake. Source photos 5147–5151 are grouped as one physical item. Original source images and their Drive IDs are retained for condition, label, and measurement verification. No price, condition grade, or unverified measurements are asserted."
