source_filename,drive_file_id,drive_view_url
IMG_4490-Photoroom.jpg,1oQ2JGT5AC09YaiBhOmEcAMQAY5EfLM72,https://drive.google.com/file/d/1oQ2JGT5AC09YaiBhOmEcAMQAY5EfLM72/view
IMG_4491-Photoroom.jpg,1X3yGg47-Bo-r6oXvfYVVVt4gFGjBav22,https://drive.google.com/file/d/1X3yGg47-Bo-r6oXvfYVVVt4gFGjBav22/view
IMG_4492-Photoroom.jpg,1lEGJDd5_gVelJ9ju2c40FEo06qChQxE7,https://drive.google.com/file/d/1lEGJDd5_gVelJ9ju2c40FEo06qChQxE7/view
IMG_4493-Photoroom.jpg,1qex8SFpAfYgwg0bWETLU5HknpQqAsHHt,https://drive.google.com/file/d/1qex8SFpAfYgwg0bWETLU5HknpQqAsHHt/view
IMG_4494-Photoroom.jpg,1OwrsaS2bEaHCDiTT0Z3BTHzvyHLxbfgV,https://drive.google.com/file/d/1OwrsaS2bEaHCDiTT0Z3BTHzvyHLxbfgV/view
IMG_4495-Photoroom.jpg,1pz3KblImF1KPQ1n-e5M7vbGrinKe3qkg,https://drive.google.com/file/d/1pz3KblImF1KPQ1n-e5M7vbGrinKe3qkg/view
IMG_4496-Photoroom.jpg,1ENf8L0KL9Mp9pI-aZev1gb2oUQRgkBwH,https://drive.google.com/file/d/1ENf8L0KL9Mp9pI-aZev1gb2oUQRgkBwH/view
IMG_4497-Photoroom.jpg,1asd_0WnxndSxrUGY_59rjWx7MMNvc7RF,https://drive.google.com/file/d/1asd_0WnxndSxrUGY_59rjWx7MMNvc7RF/view
IMG_4498-Photoroom.jpg,1qcZ2upzAwD-JjmrviOd0HY5yo5LFCKKp,https://drive.google.com/file/d/1qcZ2upzAwD-JjmrviOd0HY5yo5LFCKKp/view
IMG_4499-Photoroom.jpg,1WphauFpG2CI4ypLJF_01gcldOuofLfm0,https://drive.google.com/file/d/1WphauFpG2CI4ypLJF_01gcldOuofLfm0/view
IMG_4500-Photoroom.jpg,1D5BUEoZPfrqq0f3nK95AfckjinYg7wDC,https://drive.google.com/file/d/1D5BUEoZPfrqq0f3nK95AfckjinYg7wDC/view
IMG_4501-Photoroom.jpg,1asrnNHEgzwzrARpY8MmLB6trPMybQ5In,https://drive.google.com/file/d/1asrnNHEgzwzrARpY8MmLB6trPMybQ5In/view
IMG_4502-Photoroom.jpg,1mFmH6gtf_chJxVO3cfbbwfffkrfjv8NF,https://drive.google.com/file/d/1mFmH6gtf_chJxVO3cfbbwfffkrfjv8NF/view
IMG_4503-Photoroom.jpg,1Gd0qwg6NgwpuycmPIYiZZlLSN71SJ-bH,https://drive.google.com/file/d/1Gd0qwg6NgwpuycmPIYiZZlLSN71SJ-bH/view
IMG_4504-Photoroom.jpg,1HNFdMZ5vUdMs-D0zYJlgxU4d0oqeuP1F,https://drive.google.com/file/d/1HNFdMZ5vUdMs-D0zYJlgxU4d0oqeuP1F/view
IMG_4505-Photoroom.jpg,1kNMZdUWOEh0I6AiIql6-4h9r-yTuL4IH,https://drive.google.com/file/d/1kNMZdUWOEh0I6AiIql6-4h9r-yTuL4IH/view
IMG_4506-Photoroom.jpg,1J6IT8pK6EuQlZ9J1_SAdQRm1qC-smJsb,https://drive.google.com/file/d/1J6IT8pK6EuQlZ9J1_SAdQRm1qC-smJsb/view
IMG_4507-Photoroom.jpg,1_9H7_ZyAgbTeGvFGR-zpHgI4Zn5l5xO3,https://drive.google.com/file/d/1_9H7_ZyAgbTeGvFGR-zpHgI4Zn5l5xO3/view
IMG_4508-Photoroom.jpg,1OB8xqgpL0nibbaWYtPnYe4YqvX0g1yeo,https://drive.google.com/file/d/1OB8xqgpL0nibbaWYtPnYe4YqvX0g1yeo/view
IMG_4509-Photoroom.jpg,1V5ERHKBzNFc-xty38ynsqqY_szSXHaW4,https://drive.google.com/file/d/1V5ERHKBzNFc-xty38ynsqqY_szSXHaW4/view
IMG_4510-Photoroom.jpg,1ON41NFfrgIegxWjEyfA9G6MdbJ9msW38,https://drive.google.com/file/d/1ON41NFfrgIegxWjEyfA9G6MdbJ9msW38/view
IMG_4511-Photoroom.jpg,1o6gCw6_v-ruU8fT7xzVYyp9wlKQ2TZyb,https://drive.google.com/file/d/1o6gCw6_v-ruU8fT7xzVYyp9wlKQ2TZyb/view
IMG_4512-Photoroom.jpg,1MQ7tPjufJQXJyWdx2oH2gQcAgiyEmvFH,https://drive.google.com/file/d/1MQ7tPjufJQXJyWdx2oH2gQcAgiyEmvFH/view
IMG_4513-Photoroom.jpg,1JLJfpR09bsh_t34mx5hl4uN3xuAjKYZe,https://drive.google.com/file/d/1JLJfpR09bsh_t34mx5hl4uN3xuAjKYZe/view
IMG_4514-Photoroom.jpg,16Wk1CAgwFoaSBkrFAOD9gkfWoloIvE0k,https://drive.google.com/file/d/16Wk1CAgwFoaSBkrFAOD9gkfWoloIvE0k/view
IMG_4515-Photoroom.jpg,1LvZdk1CTzszYpvpJTDslsyitZFctDIP_,https://drive.google.com/file/d/1LvZdk1CTzszYpvpJTDslsyitZFctDIP_/view
IMG_4516-Photoroom.jpg,1Cf6FucAYO595m54oM_uPdFmw7DP5bWAP,https://drive.google.com/file/d/1Cf6FucAYO595m54oM_uPdFmw7DP5bWAP/view
IMG_4517-Photoroom.jpg,1vpz2toxzPRMRnKhhRvkxzUDquEV5xqR9,https://drive.google.com/file/d/1vpz2toxzPRMRnKhhRvkxzUDquEV5xqR9/view
IMG_4518-Photoroom.jpg,1Tjdw7cG9wo_z40uOo4cPXmpgqqRlFzzZ,https://drive.google.com/file/d/1Tjdw7cG9wo_z40uOo4cPXmpgqqRlFzzZ/view
IMG_4519-Photoroom.jpg,11-0D_ub7f0fnQpanbni6PJj82fU0uz7y,https://drive.google.com/file/d/11-0D_ub7f0fnQpanbni6PJj82fU0uz7y/view
IMG_4520-Photoroom.jpg,13fqB2SUROWVZPdBh7qmJNjgYE-X_1XxK,https://drive.google.com/file/d/13fqB2SUROWVZPdBh7qmJNjgYE-X_1XxK/view
IMG_4521-Photoroom.jpg,18nmTYdmE996M_cEfnJ8rhYjKwSQZYqaM,https://drive.google.com/file/d/18nmTYdmE996M_cEfnJ8rhYjKwSQZYqaM/view
IMG_4522-Photoroom.jpg,1_4_fToBeYVfR6Ie6f7wM3kMRKv17-ErN,https://drive.google.com/file/d/1_4_fToBeYVfR6Ie6f7wM3kMRKv17-ErN/view
IMG_4523-Photoroom.jpg,1NHXME9hId-Gr7BLwLQPfjtv9MxvBXhPO,https://drive.google.com/file/d/1NHXME9hId-Gr7BLwLQPfjtv9MxvBXhPO/view
IMG_4524-Photoroom.jpg,1LQTxxPyhJSTp_OcRiKqf4P2H9OJliuT3,https://drive.google.com/file/d/1LQTxxPyhJSTp_OcRiKqf4P2H9OJliuT3/view
IMG_4525-Photoroom.jpg,1Sr_GKlmIOhJZ4eEHuMPNXCssw47SUqig,https://drive.google.com/file/d/1Sr_GKlmIOhJZ4eEHuMPNXCssw47SUqig/view
IMG_4526-Photoroom.jpg,1Ej_53ovgwVxlaHHxFQoYF8B5J1deMl7P,https://drive.google.com/file/d/1Ej_53ovgwVxlaHHxFQoYF8B5J1deMl7P/view
IMG_4527-Photoroom.jpg,1yEObXNGO5BH_NHFbYNhxV5GQnoJZaeBU,https://drive.google.com/file/d/1yEObXNGO5BH_NHFbYNhxV5GQnoJZaeBU/view
IMG_4528-Photoroom.jpg,15SZ0AFbMkcErxt7EuWcOJ7-Epbhy8uU0,https://drive.google.com/file/d/15SZ0AFbMkcErxt7EuWcOJ7-Epbhy8uU0/view
IMG_4529-Photoroom.jpg,1pPbbkf3E5a6Riwn3pH5T3_uhtJmjxRde,https://drive.google.com/file/d/1pPbbkf3E5a6Riwn3pH5T3_uhtJmjxRde/view
IMG_4530-Photoroom.jpg,1gbKR849-8ZiLiPDhrfGWrKxS6d8XK3rZ,https://drive.google.com/file/d/1gbKR849-8ZiLiPDhrfGWrKxS6d8XK3rZ/view
IMG_4531-Photoroom.jpg,1MPGMWlfgi2DBB5CvbREHsoGOlkpqAP7P,https://drive.google.com/file/d/1MPGMWlfgi2DBB5CvbREHsoGOlkpqAP7P/view
IMG_4532-Photoroom.jpg,1T0XSRkg6CBMxaIvbxhaPu2FCxU2UU9Z1,https://drive.google.com/file/d/1T0XSRkg6CBMxaIvbxhaPu2FCxU2UU9Z1/view
IMG_4533-Photoroom.jpg,1nRE3EHGWJ_p024JCETQVsE-tWRJ1tL-L,https://drive.google.com/file/d/1nRE3EHGWJ_p024JCETQVsE-tWRJ1tL-L/view
IMG_4534-Photoroom.jpg,1GBh5dgEtsVWnPYBXAyi1zDf_RDXlTMx4,https://drive.google.com/file/d/1GBh5dgEtsVWnPYBXAyi1zDf_RDXlTMx4/view
IMG_4535-Photoroom.jpg,1A3b-7oHYDFjN6uu5Vr5UhfKRLp_NIlf8,https://drive.google.com/file/d/1A3b-7oHYDFjN6uu5Vr5UhfKRLp_NIlf8/view
IMG_4536-Photoroom.jpg,145DcTWvz526BkvfTHQazmfGFDwNLH5wR,https://drive.google.com/file/d/145DcTWvz526BkvfTHQazmfGFDwNLH5wR/view
IMG_4537-Photoroom.jpg,1CdxW_L2rylnHom2xxPda0fuGnEJxk8Qf,https://drive.google.com/file/d/1CdxW_L2rylnHom2xxPda0fuGnEJxk8Qf/view
IMG_4538-Photoroom.jpg,1x0tJGxe0SZjQEJrr61H0fTjtdS5hF5ep,https://drive.google.com/file/d/1x0tJGxe0SZjQEJrr61H0fTjtdS5hF5ep/view
IMG_4541-Photoroom.jpg,14vIRV2O9YpYfJ5TgEIQ9foTwIw8ctiBO,https://drive.google.com/file/d/14vIRV2O9YpYfJ5TgEIQ9foTwIw8ctiBO/view
IMG_4542-Photoroom.jpg,1M1PdeS6IHEVEGw7Pp4gbiKW2AWqy9_Hq,https://drive.google.com/file/d/1M1PdeS6IHEVEGw7Pp4gbiKW2AWqy9_Hq/view
IMG_4543-Photoroom.jpg,1PS5eDNt2-tJfiapwkDFzOojBMWMsiSdR,https://drive.google.com/file/d/1PS5eDNt2-tJfiapwkDFzOojBMWMsiSdR/view
IMG_4544-Photoroom.jpg,1KUFoLVDcl8-ivQr25iAAOElX5HwggOln,https://drive.google.com/file/d/1KUFoLVDcl8-ivQr25iAAOElX5HwggOln/view
IMG_4545-Photoroom.jpg,1aKZB3iNluU-DO8INhbw5sIKG4w1Q61Zy,https://drive.google.com/file/d/1aKZB3iNluU-DO8INhbw5sIKG4w1Q61Zy/view
IMG_4546-Photoroom.jpg,1pfPrq333_sAZkzKVMBZO-K509sZdZQ2J,https://drive.google.com/file/d/1pfPrq333_sAZkzKVMBZO-K509sZdZQ2J/view
IMG_4547-Photoroom.jpg,1xhv2GGtlRM00qzmH3-HsrhfHPQGvMDpF,https://drive.google.com/file/d/1xhv2GGtlRM00qzmH3-HsrhfHPQGvMDpF/view
IMG_4548-Photoroom.jpg,1HOU3OrbZARbD84ZJ4iC6YrBSk08Xj8EN,https://drive.google.com/file/d/1HOU3OrbZARbD84ZJ4iC6YrBSk08Xj8EN/view
IMG_4549-Photoroom.jpg,1XCYZgt_v6-Go25TWdo02Nv6vf6kRA4S7,https://drive.google.com/file/d/1XCYZgt_v6-Go25TWdo02Nv6vf6kRA4S7/view
IMG_4550-Photoroom.jpg,1Xb9zZVS80B-8SHdP6BQJ8-izmV29XdNN,https://drive.google.com/file/d/1Xb9zZVS80B-8SHdP6BQJ8-izmV29XdNN/view
IMG_4551-Photoroom.jpg,1VfGL1S9vriM0i6ElJPjZOjnz2vA5naFi,https://drive.google.com/file/d/1VfGL1S9vriM0i6ElJPjZOjnz2vA5naFi/view
IMG_4552-Photoroom.jpg,1ZDbLk44FY-hjJ1ki52b7mhHiioiExo92,https://drive.google.com/file/d/1ZDbLk44FY-hjJ1ki52b7mhHiioiExo92/view
IMG_4553-Photoroom.jpg,10-ohH0pbRiI6ULc2ezw85PKOA6vP54Dn,https://drive.google.com/file/d/10-ohH0pbRiI6ULc2ezw85PKOA6vP54Dn/view
IMG_4556-Photoroom.jpg,1Sa_XTeQHnL5vEDQrgL7GnFSWu5i-SBM8,https://drive.google.com/file/d/1Sa_XTeQHnL5vEDQrgL7GnFSWu5i-SBM8/view
IMG_4559-Photoroom.jpg,1UbtAjJZ5QSEq6yYvw3l0trJMTk3brJ7n,https://drive.google.com/file/d/1UbtAjJZ5QSEq6yYvw3l0trJMTk3brJ7n/view
IMG_4561-Photoroom.jpg,1-NDMUhydGJnBR55Dvc-fzO3Vf5clgxDo,https://drive.google.com/file/d/1-NDMUhydGJnBR55Dvc-fzO3Vf5clgxDo/view
IMG_4563-Photoroom.jpg,1celm5s_jWstJBinOEVGvMPOwglZsu8K2,https://drive.google.com/file/d/1celm5s_jWstJBinOEVGvMPOwglZsu8K2/view
IMG_4564-Photoroom.jpg,1to9zGy0BJjhsTYyFfdF99BCvtZgRQ2WG,https://drive.google.com/file/d/1to9zGy0BJjhsTYyFfdF99BCvtZgRQ2WG/view
IMG_4566-Photoroom.jpg,179DvoHgKW8psVA0Twhow-jVH1sZ9gt4E,https://drive.google.com/file/d/179DvoHgKW8psVA0Twhow-jVH1sZ9gt4E/view
IMG_4567-Photoroom.jpg,17lEdPGeBXDYZTVAeUF5dwA2FsiEB0wsR,https://drive.google.com/file/d/17lEdPGeBXDYZTVAeUF5dwA2FsiEB0wsR/view
IMG_4568-Photoroom.jpg,1rY0ylHDT9MEkL-b1Lz_tMbMUcearY7gu,https://drive.google.com/file/d/1rY0ylHDT9MEkL-b1Lz_tMbMUcearY7gu/view
IMG_4569-Photoroom.jpg,1Y2rUdqWTxQ4mOy7uSs_Vkim4dshg_x7g,https://drive.google.com/file/d/1Y2rUdqWTxQ4mOy7uSs_Vkim4dshg_x7g/view
IMG_4570-Photoroom.jpg,1n8ywvPmWAkiy7gX2qCqJ-KmWj8TsYlrW,https://drive.google.com/file/d/1n8ywvPmWAkiy7gX2qCqJ-KmWj8TsYlrW/view
IMG_4574-Photoroom.jpg,1aOzsst6MJbVJiVhJn4K1aj9rCmlB6w8z,https://drive.google.com/file/d/1aOzsst6MJbVJiVhJn4K1aj9rCmlB6w8z/view
IMG_4575-Photoroom.jpg,1w3ZUvQIpiktgWlD33flp2hUkBpA95HP1,https://drive.google.com/file/d/1w3ZUvQIpiktgWlD33flp2hUkBpA95HP1/view
IMG_4577-Photoroom.jpg,1WVxpzcQBR5Txh5AwuSmeOCxfCPHWvBAG,https://drive.google.com/file/d/1WVxpzcQBR5Txh5AwuSmeOCxfCPHWvBAG/view
IMG_4579-Photoroom.jpg,1rhgl5WpemDRidL8dhXFQzWqxVVegV30_,https://drive.google.com/file/d/1rhgl5WpemDRidL8dhXFQzWqxVVegV30_/view
IMG_4580-Photoroom.jpg,1yNSo4r0bsYu6h9IKuiimo38Vyo96PcIy,https://drive.google.com/file/d/1yNSo4r0bsYu6h9IKuiimo38Vyo96PcIy/view
IMG_4582-Photoroom.jpg,1BhUJqQDmZNn3LLUyI-aKSyWZe09cBDKK,https://drive.google.com/file/d/1BhUJqQDmZNn3LLUyI-aKSyWZe09cBDKK/view
IMG_4585-Photoroom.jpg,1xqbFWwM2QrFf8OSkbPbgtRQIfwFO6CCZ,https://drive.google.com/file/d/1xqbFWwM2QrFf8OSkbPbgtRQIfwFO6CCZ/view
IMG_4586-Photoroom.jpg,1Dv9paZxf8zDTr9qL6kpFGS1RG2DC7SwD,https://drive.google.com/file/d/1Dv9paZxf8zDTr9qL6kpFGS1RG2DC7SwD/view
IMG_4588-Photoroom.jpg,1vSrRSdyXvoVuFa2ykY7m5Eh7nGXjCMo9,https://drive.google.com/file/d/1vSrRSdyXvoVuFa2ykY7m5Eh7nGXjCMo9/view
IMG_4590-Photoroom.jpg,1rOLLKsE_2taNyPW66TIOqSvqidY4hU-H,https://drive.google.com/file/d/1rOLLKsE_2taNyPW66TIOqSvqidY4hU-H/view
IMG_4591-Photoroom.jpg,1SZIF7dws0mNEpy4gvBjVtK7fwDRALjg7,https://drive.google.com/file/d/1SZIF7dws0mNEpy4gvBjVtK7fwDRALjg7/view
IMG_4592-Photoroom.jpg,1rucx8B41OLSZHomG2vjIFvK0bkoFs3LH,https://drive.google.com/file/d/1rucx8B41OLSZHomG2vjIFvK0bkoFs3LH/view
IMG_4593-Photoroom.jpg,1zF2uhwC6cWEwVjzNQZn6QGbHA9q1sENo,https://drive.google.com/file/d/1zF2uhwC6cWEwVjzNQZn6QGbHA9q1sENo/view
IMG_4700-Photoroom.jpg,1JvWICXFnC6GmmAI0p9IOQI4mlFQne6Gj,https://drive.google.com/file/d/1JvWICXFnC6GmmAI0p9IOQI4mlFQne6Gj/view
IMG_4701-Photoroom.jpg,16xEcLUemhvlphY0C5oNu8PFBPV4DEZho,https://drive.google.com/file/d/16xEcLUemhvlphY0C5oNu8PFBPV4DEZho/view
IMG_4702-Photoroom.jpg,1AzVrUoqzvzg_7I3a94ldjHmAwtK0aRfU,https://drive.google.com/file/d/1AzVrUoqzvzg_7I3a94ldjHmAwtK0aRfU/view
IMG_4703-Photoroom.jpg,1trgdHGEwtN_65sQ3rdlep5eI6dCQEkk9,https://drive.google.com/file/d/1trgdHGEwtN_65sQ3rdlep5eI6dCQEkk9/view
IMG_4704-Photoroom.jpg,1YaZkIsEnGSJk43T_bhK1q3rf7NA47n5B,https://drive.google.com/file/d/1YaZkIsEnGSJk43T_bhK1q3rf7NA47n5B/view
IMG_4705-Photoroom.jpg,12gkMbWQ3nkCVDcuHYunLpq7DoLZO6pS7,https://drive.google.com/file/d/12gkMbWQ3nkCVDcuHYunLpq7DoLZO6pS7/view
IMG_4706-Photoroom.jpg,10pbPGYiRPOAtdiWlGTkojlqY-M1v-1sH,https://drive.google.com/file/d/10pbPGYiRPOAtdiWlGTkojlqY-M1v-1sH/view
IMG_4707-Photoroom.jpg,1FOJba75HQRw2D_6XPk7s0zrO-LbTIIz_,https://drive.google.com/file/d/1FOJba75HQRw2D_6XPk7s0zrO-LbTIIz_/view
IMG_4708-Photoroom.jpg,1CQA6eR9K67EKdKxbcOa1ww8Dhu62HtJH,https://drive.google.com/file/d/1CQA6eR9K67EKdKxbcOa1ww8Dhu62HtJH/view
IMG_4709-Photoroom.jpg,1TU3tiwlq86rU6vaYRPew-8LAI19Y3aHj,https://drive.google.com/file/d/1TU3tiwlq86rU6vaYRPew-8LAI19Y3aHj/view
IMG_4710-Photoroom.jpg,13aj9d1TWLzx1eUgeboYeahdySNekxJhE,https://drive.google.com/file/d/13aj9d1TWLzx1eUgeboYeahdySNekxJhE/view
IMG_4711-Photoroom.jpg,13iV8M-0aZwEOo8RRyr1mMihAwfGX34y_,https://drive.google.com/file/d/13iV8M-0aZwEOo8RRyr1mMihAwfGX34y_/view
IMG_4712-Photoroom.jpg,1oIsxK4UPmw-_I4qC5B1YeitYrj-T4jRu,https://drive.google.com/file/d/1oIsxK4UPmw-_I4qC5B1YeitYrj-T4jRu/view
IMG_4713-Photoroom.jpg,1w73KprNA_wpifSoRh--S9sp7u0liNlGT,https://drive.google.com/file/d/1w73KprNA_wpifSoRh--S9sp7u0liNlGT/view
IMG_4714-Photoroom.jpg,1RQJIFKus8mWpnG1wJeupiU88Zxj1lgFX,https://drive.google.com/file/d/1RQJIFKus8mWpnG1wJeupiU88Zxj1lgFX/view
IMG_4715-Photoroom.jpg,1ElxD5vjQyf-8ex3uHQApmETCyUtuJMDh,https://drive.google.com/file/d/1ElxD5vjQyf-8ex3uHQApmETCyUtuJMDh/view
IMG_4716-Photoroom.jpg,11wquiW-361QBnxlPRJDz1q9xMVXA3Vlu,https://drive.google.com/file/d/11wquiW-361QBnxlPRJDz1q9xMVXA3Vlu/view
IMG_4717-Photoroom.jpg,1KxXk58U7Hw1cnc1rtnglVuPikckDhtXl,https://drive.google.com/file/d/1KxXk58U7Hw1cnc1rtnglVuPikckDhtXl/view
IMG_4718-Photoroom.jpg,1rHpZREDIICFHohMapLdIzXZdHsBN6Qor,https://drive.google.com/file/d/1rHpZREDIICFHohMapLdIzXZdHsBN6Qor/view
IMG_4719-Photoroom.jpg,1PYftqDnWKMQhX3CxvtCpeJ1xgqquRdGP,https://drive.google.com/file/d/1PYftqDnWKMQhX3CxvtCpeJ1xgqquRdGP/view
IMG_4720-Photoroom.jpg,1wYxLGttn229xb56CFUU7k8pAie7z5i2x,https://drive.google.com/file/d/1wYxLGttn229xb56CFUU7k8pAie7z5i2x/view
IMG_4721-Photoroom.jpg,1imvDlG838DbDPSepPmdFYVn8EIwIRFW0,https://drive.google.com/file/d/1imvDlG838DbDPSepPmdFYVn8EIwIRFW0/view
IMG_4722-Photoroom.jpg,16qNIYjUJd0MShvPAy7Za0ByPhtDi0bj-,https://drive.google.com/file/d/16qNIYjUJd0MShvPAy7Za0ByPhtDi0bj-/view
IMG_4723-Photoroom.jpg,1H71t0n9B30e0y0nNwJ8YAv0rqe3AvnZh,https://drive.google.com/file/d/1H71t0n9B30e0y0nNwJ8YAv0rqe3AvnZh/view
IMG_4724-Photoroom.jpg,1P3c3ULDPUqSLAOC56Sfm80OJP7ZCEBgo,https://drive.google.com/file/d/1P3c3ULDPUqSLAOC56Sfm80OJP7ZCEBgo/view
IMG_4725-Photoroom.jpg,1R9JEfygmBoeJUmYDS8diRduPAt48y3v8,https://drive.google.com/file/d/1R9JEfygmBoeJUmYDS8diRduPAt48y3v8/view
IMG_4726-Photoroom.jpg,1iaxmfs6n4zbguqb7RBkmkrQNuZuYBAu3,https://drive.google.com/file/d/1iaxmfs6n4zbguqb7RBkmkrQNuZuYBAu3/view
IMG_4727-Photoroom.jpg,1yMkdX7XMf9Aw6Xnt1zIw0mQUYTSFiE4a,https://drive.google.com/file/d/1yMkdX7XMf9Aw6Xnt1zIw0mQUYTSFiE4a/view
IMG_4728-Photoroom.jpg,1Ci700pFI8UxtZnczmg_CC6iUZedxTPHo,https://drive.google.com/file/d/1Ci700pFI8UxtZnczmg_CC6iUZedxTPHo/view
IMG_4729-Photoroom.jpg,1iWg6XQVoahz2XNLgyCUM_llvnI6yOG-Z,https://drive.google.com/file/d/1iWg6XQVoahz2XNLgyCUM_llvnI6yOG-Z/view
IMG_4730-Photoroom.jpg,1D6TH5UYjrTDOTkUxtPSDEm8Cyh6FKU8t,https://drive.google.com/file/d/1D6TH5UYjrTDOTkUxtPSDEm8Cyh6FKU8t/view
IMG_4731-Photoroom.jpg,1o2SlK_hkZRRoK4jcC2wB-tXv7Kg57tA8,https://drive.google.com/file/d/1o2SlK_hkZRRoK4jcC2wB-tXv7Kg57tA8/view
IMG_4732-Photoroom.jpg,1ODZ0rgwBr9PS4pLulrPoU6cPDCqCrKJU,https://drive.google.com/file/d/1ODZ0rgwBr9PS4pLulrPoU6cPDCqCrKJU/view
IMG_4733-Photoroom.jpg,1I37Pcx7HjpmK83Ojlqnbr_JlFYompVQJ,https://drive.google.com/file/d/1I37Pcx7HjpmK83Ojlqnbr_JlFYompVQJ/view
IMG_4734-Photoroom.jpg,1Gw9RwjN6UQeMs1gOuZCHD2qbhtyUGNu1,https://drive.google.com/file/d/1Gw9RwjN6UQeMs1gOuZCHD2qbhtyUGNu1/view
IMG_4735-Photoroom.jpg,1_KMuffxTsGBzhsx5Q8sVG4BwPsJhw_58,https://drive.google.com/file/d/1_KMuffxTsGBzhsx5Q8sVG4BwPsJhw_58/view
IMG_4736-Photoroom.jpg,1ZA3u2Mmx1SRHW2JDE-FZOAUj3I4B7CRD,https://drive.google.com/file/d/1ZA3u2Mmx1SRHW2JDE-FZOAUj3I4B7CRD/view
IMG_4737-Photoroom.jpg,107XL9miZxVGX__RzPYQzF7m8u9Mzaay-,https://drive.google.com/file/d/107XL9miZxVGX__RzPYQzF7m8u9Mzaay-/view
IMG_4754-Photoroom.jpg,1bxQr7Gl7UCrWaMito68LFd2OBm69Xv6k,https://drive.google.com/file/d/1bxQr7Gl7UCrWaMito68LFd2OBm69Xv6k/view
IMG_4755-Photoroom.jpg,1l57pvlyHwsn0KanEhDvtzlL-e4D8KPXI,https://drive.google.com/file/d/1l57pvlyHwsn0KanEhDvtzlL-e4D8KPXI/view
IMG_4756-Photoroom.jpg,1zZtamaBKeTzDW1HEFDhmF3QmSvjG9O6G,https://drive.google.com/file/d/1zZtamaBKeTzDW1HEFDhmF3QmSvjG9O6G/view
IMG_4757-Photoroom.jpg,1vJN9SAOcmNArsof6qmPmMtwR-zLAENO3,https://drive.google.com/file/d/1vJN9SAOcmNArsof6qmPmMtwR-zLAENO3/view
IMG_4758-Photoroom.jpg,1ocEkgyXl5qAejGtEleZzymxjFsLyaeby,https://drive.google.com/file/d/1ocEkgyXl5qAejGtEleZzymxjFsLyaeby/view
IMG_4759-Photoroom.jpg,18h__Tj_IHCLCi7KmEQC5Qe-Wq8w7MFvJ,https://drive.google.com/file/d/18h__Tj_IHCLCi7KmEQC5Qe-Wq8w7MFvJ/view
IMG_4760-Photoroom.jpg,12hEO5LNi84NboU5YAW2VJG0YKzftRp4X,https://drive.google.com/file/d/12hEO5LNi84NboU5YAW2VJG0YKzftRp4X/view
IMG_4761-Photoroom.jpg,1FpspySJ17XF73FaaWZfuA0_fi_2uKED7,https://drive.google.com/file/d/1FpspySJ17XF73FaaWZfuA0_fi_2uKED7/view
IMG_4762-Photoroom.jpg,1CZOuC5WkvEJory2OzFFfXYfmpg1a8QQs,https://drive.google.com/file/d/1CZOuC5WkvEJory2OzFFfXYfmpg1a8QQs/view
IMG_4763-Photoroom.jpg,1hoEQXCPEH-kGOcmPPxtuiWQtHTLeFzZK,https://drive.google.com/file/d/1hoEQXCPEH-kGOcmPPxtuiWQtHTLeFzZK/view
IMG_4845-Photoroom.jpg,1nt1Dk8AGjWa1bE6Wtqqjasm2GPnIHk79,https://drive.google.com/file/d/1nt1Dk8AGjWa1bE6Wtqqjasm2GPnIHk79/view
IMG_4846-Photoroom.jpg,1-4Z94_G0zvXRi6ZIUX8wyF6TYkdfHMc0,https://drive.google.com/file/d/1-4Z94_G0zvXRi6ZIUX8wyF6TYkdfHMc0/view
IMG_4847-Photoroom.jpg,1cCDkj46ViUNnG6cni7t1I0FPnV3PlWsu,https://drive.google.com/file/d/1cCDkj46ViUNnG6cni7t1I0FPnV3PlWsu/view
IMG_4848-Photoroom.jpg,1sAF_Txx-b07oH1NJ9oY1CldO1QoQijQy,https://drive.google.com/file/d/1sAF_Txx-b07oH1NJ9oY1CldO1QoQijQy/view
IMG_4849-Photoroom.jpg,1bjMZd3MLiMvdWjeXsPfvs_yqFWwkDpgh,https://drive.google.com/file/d/1bjMZd3MLiMvdWjeXsPfvs_yqFWwkDpgh/view
IMG_4850-Photoroom.jpg,1NXW2WbWSAY47MINtbTdQOAilAU-jG3rs,https://drive.google.com/file/d/1NXW2WbWSAY47MINtbTdQOAilAU-jG3rs/view
IMG_4851-Photoroom.jpg,1bgZHrclJHm3-aQbWrOkEvVqX1vNU1umL,https://drive.google.com/file/d/1bgZHrclJHm3-aQbWrOkEvVqX1vNU1umL/view
IMG_4852-Photoroom.jpg,1qTku0v1ziCZgALxRyGNbTljlZv6eVtEW,https://drive.google.com/file/d/1qTku0v1ziCZgALxRyGNbTljlZv6eVtEW/view
IMG_4853-Photoroom.jpg,10olW-JqeVbxIdNYKTYGSVMv_uqgQUKdc,https://drive.google.com/file/d/10olW-JqeVbxIdNYKTYGSVMv_uqgQUKdc/view
IMG_4854-Photoroom.jpg,1xlolD4UnRYt_fFNVY8hv5XqaI77mZ08o,https://drive.google.com/file/d/1xlolD4UnRYt_fFNVY8hv5XqaI77mZ08o/view
IMG_4855-Photoroom.jpg,1g04P1hkjR6KGyQOMsEWFL2ayGSimdDH_,https://drive.google.com/file/d/1g04P1hkjR6KGyQOMsEWFL2ayGSimdDH_/view
IMG_4856-Photoroom.jpg,1MMJJ4CqJDlNEBWde8kyOOeUw94rFN1FW,https://drive.google.com/file/d/1MMJJ4CqJDlNEBWde8kyOOeUw94rFN1FW/view
IMG_4857-Photoroom.jpg,1RoMy8rP9pe9zmUuvEfaLES9PHFxbdAiA,https://drive.google.com/file/d/1RoMy8rP9pe9zmUuvEfaLES9PHFxbdAiA/view
IMG_4858-Photoroom.jpg,1lFbpI9n5cpD_jVGelGoUkPS9xe1iLe__,https://drive.google.com/file/d/1lFbpI9n5cpD_jVGelGoUkPS9xe1iLe__/view
IMG_4859-Photoroom.jpg,1anYQHJ1ClJVBMdlzZbiL0z3ZNYL5i-Tr,https://drive.google.com/file/d/1anYQHJ1ClJVBMdlzZbiL0z3ZNYL5i-Tr/view
IMG_4860-Photoroom.jpg,10obV0oS07jyT-cogm8Nu7G8rJU1Gsr1k,https://drive.google.com/file/d/10obV0oS07jyT-cogm8Nu7G8rJU1Gsr1k/view
IMG_4861-Photoroom.jpg,12oUXAVDKLAIfhbEt6XTzCVl-DFYQgLC3,https://drive.google.com/file/d/12oUXAVDKLAIfhbEt6XTzCVl-DFYQgLC3/view
IMG_4862-Photoroom.jpg,1pDqG8VYh8WY2B7q4urWxVgnQ0MQWDdrn,https://drive.google.com/file/d/1pDqG8VYh8WY2B7q4urWxVgnQ0MQWDdrn/view
IMG_4863-Photoroom.jpg,1Kha4GRN3jjRiCVgPBF8s03lGwvwiwhIt,https://drive.google.com/file/d/1Kha4GRN3jjRiCVgPBF8s03lGwvwiwhIt/view
IMG_4864-Photoroom.jpg,1WsrCKkt3R6MCsV89yKBpYq6vdo4T-nu5,https://drive.google.com/file/d/1WsrCKkt3R6MCsV89yKBpYq6vdo4T-nu5/view
IMG_4865-Photoroom.jpg,1x5zy6GJNyZjeMuWAFVIL5fdhdXOzbEpd,https://drive.google.com/file/d/1x5zy6GJNyZjeMuWAFVIL5fdhdXOzbEpd/view
IMG_4866-Photoroom.jpg,1EWa_GtKBb3XJitQPf6ONZ9DdLriv3ez4,https://drive.google.com/file/d/1EWa_GtKBb3XJitQPf6ONZ9DdLriv3ez4/view
IMG_4867-Photoroom.jpg,1Nb_HsJdYwgoXVo4kuBmUQJ5loM_ktDyU,https://drive.google.com/file/d/1Nb_HsJdYwgoXVo4kuBmUQJ5loM_ktDyU/view
IMG_4868-Photoroom.jpg,1Eu1fo15Ze--OlAU8_bVdeES5cBlNKdbM,https://drive.google.com/file/d/1Eu1fo15Ze--OlAU8_bVdeES5cBlNKdbM/view
IMG_4869-Photoroom.jpg,16U3GXU2pBxsYxzAgazl5LCzc6jJRDrPM,https://drive.google.com/file/d/16U3GXU2pBxsYxzAgazl5LCzc6jJRDrPM/view
IMG_4870-Photoroom.jpg,175PrteOleW1VDG_r5IWYbF3qlsU_J0Rq,https://drive.google.com/file/d/175PrteOleW1VDG_r5IWYbF3qlsU_J0Rq/view
IMG_4871-Photoroom.jpg,14gcsY4mEaksHhZbKfdq8-EQWtimiSLpM,https://drive.google.com/file/d/14gcsY4mEaksHhZbKfdq8-EQWtimiSLpM/view
IMG_4872-Photoroom.jpg,1D3oFWd5Yb-j4l00bzXUB_cmlTzJGuw4N,https://drive.google.com/file/d/1D3oFWd5Yb-j4l00bzXUB_cmlTzJGuw4N/view
IMG_4873-Photoroom.jpg,11-Mlk2awjE-J062PIXalDaRdar-PouAP,https://drive.google.com/file/d/11-Mlk2awjE-J062PIXalDaRdar-PouAP/view
IMG_4874-Photoroom.jpg,1ZQ6IlHF2OqgLkZFcNWsV9JO_88N3MPRe,https://drive.google.com/file/d/1ZQ6IlHF2OqgLkZFcNWsV9JO_88N3MPRe/view
IMG_4875-Photoroom.jpg,1x3lxmbPaFcEl_5MzfR7eB67HL0RLwN1A,https://drive.google.com/file/d/1x3lxmbPaFcEl_5MzfR7eB67HL0RLwN1A/view
IMG_4876-Photoroom.jpg,1w8d2TA40G4gw1kvbW1zh87426PWW0xro,https://drive.google.com/file/d/1w8d2TA40G4gw1kvbW1zh87426PWW0xro/view
IMG_4877-Photoroom.jpg,1Oc9eEfR-vxB18deIonkn3vycMwgVpqZk,https://drive.google.com/file/d/1Oc9eEfR-vxB18deIonkn3vycMwgVpqZk/view
IMG_4878-Photoroom.jpg,1QJjThr8AT-LapQGuQ4nkf0YHOEtPhUhS,https://drive.google.com/file/d/1QJjThr8AT-LapQGuQ4nkf0YHOEtPhUhS/view
IMG_4879-Photoroom.jpg,15u1ZeEQIJ6F23vOAYM9M7R3zjSE0LpdB,https://drive.google.com/file/d/15u1ZeEQIJ6F23vOAYM9M7R3zjSE0LpdB/view
IMG_4880-Photoroom.jpg,1fA6Jx-4S83J6JhrLFp8LcevUVkiPGT4F,https://drive.google.com/file/d/1fA6Jx-4S83J6JhrLFp8LcevUVkiPGT4F/view
IMG_4881-Photoroom.jpg,1zNuiFwKMiO4MwFbBVQ9q3Ar1W0lxwOmI,https://drive.google.com/file/d/1zNuiFwKMiO4MwFbBVQ9q3Ar1W0lxwOmI/view
IMG_4882-Photoroom.jpg,1VzIdPoFOadNL7d8KPQv6V0MUkBqYD1df,https://drive.google.com/file/d/1VzIdPoFOadNL7d8KPQv6V0MUkBqYD1df/view
IMG_4883-Photoroom.jpg,1cFloDiVVnxTURLQAptp9zBCWQyY5SZ6d,https://drive.google.com/file/d/1cFloDiVVnxTURLQAptp9zBCWQyY5SZ6d/view
IMG_4884-Photoroom.jpg,1lEAKQXSA9j1VJ-uo0WLhGimFAjQkEyxd,https://drive.google.com/file/d/1lEAKQXSA9j1VJ-uo0WLhGimFAjQkEyxd/view
IMG_5067-Photoroom.jpg,1zQZ6yD7OLDvqyEQVLtEzgXTS29wpW8my,https://drive.google.com/file/d/1zQZ6yD7OLDvqyEQVLtEzgXTS29wpW8my/view
IMG_5068-Photoroom.jpg,1j1yKjbSx8tgEMBVjgUJcC4VsxSKnfd1i,https://drive.google.com/file/d/1j1yKjbSx8tgEMBVjgUJcC4VsxSKnfd1i/view
IMG_5069-Photoroom.jpg,1EfRjw4XEAXzQ5VgQvxyNVjo9w8R9Xn_Q,https://drive.google.com/file/d/1EfRjw4XEAXzQ5VgQvxyNVjo9w8R9Xn_Q/view
IMG_5070-Photoroom.jpg,1Zt0Infn5s-Stry8RbTJDF5Z0KYbn3a4v,https://drive.google.com/file/d/1Zt0Infn5s-Stry8RbTJDF5Z0KYbn3a4v/view
IMG_5071-Photoroom.jpg,1P2RZBLLkc34-x6dqs5mfrOuJjpaCqJ_x,https://drive.google.com/file/d/1P2RZBLLkc34-x6dqs5mfrOuJjpaCqJ_x/view
IMG_5072-Photoroom.jpg,1OvmcqfKMeGnVIoycy2lfoBcukc6PCsz4,https://drive.google.com/file/d/1OvmcqfKMeGnVIoycy2lfoBcukc6PCsz4/view
IMG_5073-Photoroom.jpg,15mY7QhZQg-roodF-sCKJ-1ezC7m_8cXn,https://drive.google.com/file/d/15mY7QhZQg-roodF-sCKJ-1ezC7m_8cXn/view
IMG_5074-Photoroom.jpg,1IyT2ZpR7lkGeH1G6x3cUk9t-xZ3cjO7M,https://drive.google.com/file/d/1IyT2ZpR7lkGeH1G6x3cUk9t-xZ3cjO7M/view
IMG_5075-Photoroom.jpg,1fkwgwL-iKnVeABait9SFnMTQBfRaTzRD,https://drive.google.com/file/d/1fkwgwL-iKnVeABait9SFnMTQBfRaTzRD/view
IMG_5076-Photoroom.jpg,1DvIefmMHRw3c45JSNdCqdZ0q2OcYkKXP,https://drive.google.com/file/d/1DvIefmMHRw3c45JSNdCqdZ0q2OcYkKXP/view
IMG_5077-Photoroom.jpg,1h9vP338tqut7Vzyce1T6wHxUWCE8j8sK,https://drive.google.com/file/d/1h9vP338tqut7Vzyce1T6wHxUWCE8j8sK/view
IMG_5078-Photoroom.jpg,17WmtiIf4z5ruSBNjuxdIWt_vq4BgelT1,https://drive.google.com/file/d/17WmtiIf4z5ruSBNjuxdIWt_vq4BgelT1/view
IMG_5079-Photoroom.jpg,18y6-HvYBjEcRWXxON-y2gLe4CEmXxdmt,https://drive.google.com/file/d/18y6-HvYBjEcRWXxON-y2gLe4CEmXxdmt/view
IMG_5080-Photoroom.jpg,1jamka3kZRVAtQnc05TgsnJwwHJC_QlN4,https://drive.google.com/file/d/1jamka3kZRVAtQnc05TgsnJwwHJC_QlN4/view
IMG_5081-Photoroom.jpg,1rtYyODGUxXOEiB85mcDnqTKmlh_RyFK_,https://drive.google.com/file/d/1rtYyODGUxXOEiB85mcDnqTKmlh_RyFK_/view
IMG_5082-Photoroom.jpg,1GaZn07wpCy1QRTbP_HTsuuE5bozdiI-8,https://drive.google.com/file/d/1GaZn07wpCy1QRTbP_HTsuuE5bozdiI-8/view
IMG_5083-Photoroom.jpg,10bVUk8WE04vnhcVagCbQEnwYeSA136Xo,https://drive.google.com/file/d/10bVUk8WE04vnhcVagCbQEnwYeSA136Xo/view
IMG_5084-Photoroom.jpg,1apxgQK7e8A9_k90VHWdtHfqgB2iktjcf,https://drive.google.com/file/d/1apxgQK7e8A9_k90VHWdtHfqgB2iktjcf/view
IMG_5085-Photoroom.jpg,1xGP7Rbp3jEPfHmVnWJ1ej6T2j9ZplfNH,https://drive.google.com/file/d/1xGP7Rbp3jEPfHmVnWJ1ej6T2j9ZplfNH/view
IMG_5086-Photoroom.jpg,1_eAkuPLUfk9NSCM_GWUOpKXoLwmnNJ6q,https://drive.google.com/file/d/1_eAkuPLUfk9NSCM_GWUOpKXoLwmnNJ6q/view
IMG_5087-Photoroom.jpg,1TWhTJjEEgrMePJz5LHHLH-UNHkR2IrSK,https://drive.google.com/file/d/1TWhTJjEEgrMePJz5LHHLH-UNHkR2IrSK/view
IMG_5088-Photoroom.jpg,1n6CXfLQxpU6peO2qobPQ2j4DWIH-M6wP,https://drive.google.com/file/d/1n6CXfLQxpU6peO2qobPQ2j4DWIH-M6wP/view
IMG_5090-Photoroom.jpg,1-BsIAIYkpveLgp2MXXtj2xFnAJ2nlX_j,https://drive.google.com/file/d/1-BsIAIYkpveLgp2MXXtj2xFnAJ2nlX_j/view
IMG_5091-Photoroom.jpg,1JOdOpcYzC12IUQHJqIrhDMU6h5ENZ8wN,https://drive.google.com/file/d/1JOdOpcYzC12IUQHJqIrhDMU6h5ENZ8wN/view
IMG_5092-Photoroom.jpg,1HrJmBFuvhp22AHj32lH8elwXLKdVg6m6,https://drive.google.com/file/d/1HrJmBFuvhp22AHj32lH8elwXLKdVg6m6/view
IMG_5093-Photoroom.jpg,1tAzcs5kS3765Loa25IF_cbC1Rt9WgpTW,https://drive.google.com/file/d/1tAzcs5kS3765Loa25IF_cbC1Rt9WgpTW/view
IMG_5094-Photoroom.jpg,1Iv_T9nAMMhqAQUsSH_4i99t4CcdKZLHK,https://drive.google.com/file/d/1Iv_T9nAMMhqAQUsSH_4i99t4CcdKZLHK/view
IMG_5095-Photoroom.jpg,1SsEUw4qRIEQ1OhFKRQU-0uHtGtMziABH,https://drive.google.com/file/d/1SsEUw4qRIEQ1OhFKRQU-0uHtGtMziABH/view
IMG_5096-Photoroom.jpg,1Jzz58UN-0UsUaJddveI0oz4Z6Q9sj0YX,https://drive.google.com/file/d/1Jzz58UN-0UsUaJddveI0oz4Z6Q9sj0YX/view
IMG_5097-Photoroom.jpg,122k2zQu6QkkCWTeB1KHfsMD0LMncN7nT,https://drive.google.com/file/d/122k2zQu6QkkCWTeB1KHfsMD0LMncN7nT/view
IMG_5098-Photoroom.jpg,1mY4RXEzHPTAjTR3hSt-HZ32BAGdZ9pbJ,https://drive.google.com/file/d/1mY4RXEzHPTAjTR3hSt-HZ32BAGdZ9pbJ/view
IMG_5099-Photoroom.jpg,1ZjuNV484ahko11B0MiiLZ-fWV6oacODj,https://drive.google.com/file/d/1ZjuNV484ahko11B0MiiLZ-fWV6oacODj/view
IMG_5100-Photoroom.jpg,1yrauO0upzJ2IUeHDvYY6XrVpcmmcF21z,https://drive.google.com/file/d/1yrauO0upzJ2IUeHDvYY6XrVpcmmcF21z/view
IMG_5102-Photoroom.jpg,1gS4utaAO5TDDYyQbXlSRBtQU9bKnGmkg,https://drive.google.com/file/d/1gS4utaAO5TDDYyQbXlSRBtQU9bKnGmkg/view
IMG_5103-Photoroom.jpg,13GDZI7DxsnswaG4fFf87GA5Y3FYb8UPa,https://drive.google.com/file/d/13GDZI7DxsnswaG4fFf87GA5Y3FYb8UPa/view
IMG_5104-Photoroom.jpg,1fABp8HcDIwU5QObnTE77EhCdQF94PqtT,https://drive.google.com/file/d/1fABp8HcDIwU5QObnTE77EhCdQF94PqtT/view
IMG_5105-Photoroom.jpg,14DA7Ckc_pV1v7Lm13GKEtiop_6Of8EJm,https://drive.google.com/file/d/14DA7Ckc_pV1v7Lm13GKEtiop_6Of8EJm/view
IMG_5106-Photoroom.jpg,1N-H5JKJL5tKEnkJafgVoPuaSZAxGuOKO,https://drive.google.com/file/d/1N-H5JKJL5tKEnkJafgVoPuaSZAxGuOKO/view
IMG_5107-Photoroom.jpg,1Ueo3kbf6Eo6X6c2M1RNAtivd3mY2Lx9l,https://drive.google.com/file/d/1Ueo3kbf6Eo6X6c2M1RNAtivd3mY2Lx9l/view
IMG_5108-Photoroom.jpg,14yHKu3FKdi-46E8k-nd8IQhNXYvJDMtH,https://drive.google.com/file/d/14yHKu3FKdi-46E8k-nd8IQhNXYvJDMtH/view
IMG_5109-Photoroom.jpg,1GFj0_D6JxRfYEFAhx2d2HxmWKYE9_OCW,https://drive.google.com/file/d/1GFj0_D6JxRfYEFAhx2d2HxmWKYE9_OCW/view
IMG_5110-Photoroom.jpg,1O6-YErg8pXJS6RLRuygbV-PnluswfZn3,https://drive.google.com/file/d/1O6-YErg8pXJS6RLRuygbV-PnluswfZn3/view
IMG_5111-Photoroom.jpg,1h_VKJigMUrzvyChsqRG2bOB87OsUCvXG,https://drive.google.com/file/d/1h_VKJigMUrzvyChsqRG2bOB87OsUCvXG/view
IMG_5112-Photoroom.jpg,1XSWLvcV7QXItdlSc3KNFZCFTvy9YU-1t,https://drive.google.com/file/d/1XSWLvcV7QXItdlSc3KNFZCFTvy9YU-1t/view
IMG_5113-Photoroom.jpg,1Q9g3mzmCMFAcmpM-pEiYQV1J9At6dVnq,https://drive.google.com/file/d/1Q9g3mzmCMFAcmpM-pEiYQV1J9At6dVnq/view
IMG_5114-Photoroom.jpg,1idZlHmS-1PYe4TaHl1PoRk7JSrmwcntI,https://drive.google.com/file/d/1idZlHmS-1PYe4TaHl1PoRk7JSrmwcntI/view
IMG_5115-Photoroom.jpg,1cQSXOvaKQU7ev_OlAfkE8fZ3F5tCI9hd,https://drive.google.com/file/d/1cQSXOvaKQU7ev_OlAfkE8fZ3F5tCI9hd/view
IMG_5116-Photoroom.jpg,1a0zbRjo1GNcFjgO4D-ZfeTNqkuZFici8,https://drive.google.com/file/d/1a0zbRjo1GNcFjgO4D-ZfeTNqkuZFici8/view
IMG_5117-Photoroom.jpg,1YlWp5K1yGgs7_YTFNkPxldgVsdIRVIK6,https://drive.google.com/file/d/1YlWp5K1yGgs7_YTFNkPxldgVsdIRVIK6/view
IMG_5118-Photoroom.jpg,1dER5X3sXUfw58mUEXiBUWRKVf05GYc8v,https://drive.google.com/file/d/1dER5X3sXUfw58mUEXiBUWRKVf05GYc8v/view
IMG_5119-Photoroom.jpg,1GD4xwQ9Pp0si683ozb-bQQrRQRw0Bcl0,https://drive.google.com/file/d/1GD4xwQ9Pp0si683ozb-bQQrRQRw0Bcl0/view
IMG_5120-Photoroom.jpg,1Mz6k11C8oiFNlezVGXLjuTN4BwZ_LFNq,https://drive.google.com/file/d/1Mz6k11C8oiFNlezVGXLjuTN4BwZ_LFNq/view
IMG_5121-Photoroom.jpg,1VUSwAGPzt2xmrNRbD7G9YQeiZpXimwLj,https://drive.google.com/file/d/1VUSwAGPzt2xmrNRbD7G9YQeiZpXimwLj/view
IMG_5122-Photoroom.jpg,13oi8l7zUBoPoKPUwigXu3hKUNYDVx-HV,https://drive.google.com/file/d/13oi8l7zUBoPoKPUwigXu3hKUNYDVx-HV/view
IMG_5123-Photoroom.jpg,1HjNMN_wmLfBv8iu_GWECG4pCWoPVJB7k,https://drive.google.com/file/d/1HjNMN_wmLfBv8iu_GWECG4pCWoPVJB7k/view
IMG_5124-Photoroom.jpg,14huwZf4YSaxB7r7mpNIWO3mj0eo5iGMj,https://drive.google.com/file/d/14huwZf4YSaxB7r7mpNIWO3mj0eo5iGMj/view
IMG_5125-Photoroom.jpg,1AzELIH0ZY4x8WbDLerO9EBWKyhE8uPRF,https://drive.google.com/file/d/1AzELIH0ZY4x8WbDLerO9EBWKyhE8uPRF/view
IMG_5126-Photoroom.jpg,1awnKwUmvTvkKgo6mC39orpM843_Q6yPa,https://drive.google.com/file/d/1awnKwUmvTvkKgo6mC39orpM843_Q6yPa/view
IMG_5127-Photoroom.jpg,1vfPXHd0dDBDcc8puv06boCNSFPP5efA6,https://drive.google.com/file/d/1vfPXHd0dDBDcc8puv06boCNSFPP5efA6/view
IMG_5128-Photoroom.jpg,1c4NtM5XwaeveMLgB5pLE7H3YgUOjJpmV,https://drive.google.com/file/d/1c4NtM5XwaeveMLgB5pLE7H3YgUOjJpmV/view
IMG_5129-Photoroom.jpg,1ToiSUiCXDmaCCRLcvBJQQ2GSFnrgmT8Z,https://drive.google.com/file/d/1ToiSUiCXDmaCCRLcvBJQQ2GSFnrgmT8Z/view
IMG_5130-Photoroom.jpg,1uh0SQK2i_ZerBYFlEYJlR8sVauom8BPT,https://drive.google.com/file/d/1uh0SQK2i_ZerBYFlEYJlR8sVauom8BPT/view
IMG_5131-Photoroom.jpg,18KNRxrowqbzG5LVdjfeJuGTnYxTyMrQ1,https://drive.google.com/file/d/18KNRxrowqbzG5LVdjfeJuGTnYxTyMrQ1/view
IMG_5132-Photoroom.jpg,1UZU0CUjHK1CdJDhaJQ70RqyaFSLHdhzA,https://drive.google.com/file/d/1UZU0CUjHK1CdJDhaJQ70RqyaFSLHdhzA/view
IMG_5133-Photoroom.jpg,19oez_y50Tgr6vOrJLUi_2DdAeDctxojU,https://drive.google.com/file/d/19oez_y50Tgr6vOrJLUi_2DdAeDctxojU/view
IMG_5134-Photoroom.jpg,168qHwypzwjSuEZKdgrBAsIwoIHwkKHSh,https://drive.google.com/file/d/168qHwypzwjSuEZKdgrBAsIwoIHwkKHSh/view
IMG_5135-Photoroom.jpg,1Slo-pj1MyIHtfZygUEs8yyMQCvmk__RY,https://drive.google.com/file/d/1Slo-pj1MyIHtfZygUEs8yyMQCvmk__RY/view
IMG_5136-Photoroom.jpg,1UYJY9dd2wQvCnmAIUZ0dyOOPAy3Zzy14,https://drive.google.com/file/d/1UYJY9dd2wQvCnmAIUZ0dyOOPAy3Zzy14/view
IMG_5137-Photoroom.jpg,1A_X8QsziViCUZ2caBjNl7xhNbMEB9hsJ,https://drive.google.com/file/d/1A_X8QsziViCUZ2caBjNl7xhNbMEB9hsJ/view
IMG_5138-Photoroom.jpg,1g6avrJVKgKaprU6HJj6YnVtZvRnT_el7,https://drive.google.com/file/d/1g6avrJVKgKaprU6HJj6YnVtZvRnT_el7/view
IMG_5139-Photoroom.jpg,1S43FSI-n-rUe-YyTPXTsGUVG0hB2hKZP,https://drive.google.com/file/d/1S43FSI-n-rUe-YyTPXTsGUVG0hB2hKZP/view
IMG_5140-Photoroom.jpg,1_f-YGjN0Un5e-rl7-1fpapIpaYTM3rPk,https://drive.google.com/file/d/1_f-YGjN0Un5e-rl7-1fpapIpaYTM3rPk/view
IMG_5141-Photoroom.jpg,1i3t1jXq8wNVRbmxsO9PkaUzwUKzBljWX,https://drive.google.com/file/d/1i3t1jXq8wNVRbmxsO9PkaUzwUKzBljWX/view
IMG_5142-Photoroom.jpg,10qNty74R6h96n28k4upwCbsfrbtbagsd,https://drive.google.com/file/d/10qNty74R6h96n28k4upwCbsfrbtbagsd/view
IMG_5143-Photoroom.jpg,1sOT7w65cgvUP134kAj1DWiy4PLsPYS35,https://drive.google.com/file/d/1sOT7w65cgvUP134kAj1DWiy4PLsPYS35/view
IMG_5144-Photoroom.jpg,1YaxSXIsx4SzgNNS4Ljj5lBdXyYXUEaOn,https://drive.google.com/file/d/1YaxSXIsx4SzgNNS4Ljj5lBdXyYXUEaOn/view
IMG_5145-Photoroom.jpg,1izWaq1yvdLbLgStgEu21nhTbFEhGsVWe,https://drive.google.com/file/d/1izWaq1yvdLbLgStgEu21nhTbFEhGsVWe/view
IMG_5146-Photoroom.jpg,1Flv70K2Q83iPj5RyRX4s-8C-VMm5_fUI,https://drive.google.com/file/d/1Flv70K2Q83iPj5RyRX4s-8C-VMm5_fUI/view
IMG_5147-Photoroom.jpg,1_xrAN4mNn1m_9yoawxqrhUQmeEVrNqny,https://drive.google.com/file/d/1_xrAN4mNn1m_9yoawxqrhUQmeEVrNqny/view
IMG_5148-Photoroom.jpg,1-pNMEHTDVcC8rgrdMB__8nK-RALMEi1P,https://drive.google.com/file/d/1-pNMEHTDVcC8rgrdMB__8nK-RALMEi1P/view
IMG_5149-Photoroom.jpg,1rstqhaGUbBUEhyakrcxkAeonKOQZjryM,https://drive.google.com/file/d/1rstqhaGUbBUEhyakrcxkAeonKOQZjryM/view
IMG_5150-Photoroom.jpg,1WfOI43xT9jXfqXe9EjvWNiODnTEdEGhr,https://drive.google.com/file/d/1WfOI43xT9jXfqXe9EjvWNiODnTEdEGhr/view
IMG_5151-Photoroom.jpg,1lA4mnJOUyV1SyyPW4qW4EXPZ7I0NKFYK,https://drive.google.com/file/d/1lA4mnJOUyV1SyyPW4qW4EXPZ7I0NKFYK/view
