Action(SiteID=US|Country=US|Currency=USD|Version=1193|CC=UTF-8),Custom label (SKU),Category ID,Title,UPC,Price,Quantity,Item photo URL,Condition ID,Description,Format,C:Brand,C:Size,C:Color,C:Department
Draft,A1-MD-0001,,Nike shorts,,12,1,,3000,"Nike shorts

Brand: Nike
Department: Not Confirmed
Category: Athletic Shorts
Size: See measurements in photos
Condition: Pre-owned; see photos

SKU A1-MD-0001 — EHC secondhand apparel.
Smoke-free handling. Ships fast and folded with care.",FixedPrice,Nike,,,Not Confirmed
Draft,A1-MD-0002,,Adidas black logo-print capri athletic leggings,,14,1,,3000,"Adidas black logo-print capri athletic leggings

Brand: Adidas
Department: Women's Bottoms
Category: Women's Athletic Capri Leggings
Size: See measurements in photos
Color: Black with white and dark-gray logos
Pattern: Solid with oversized vertical Adidas wordmark
Condition: Pre-owned; full inspection pending

SKU A1-MD-0002 — EHC secondhand apparel.
Smoke-free handling. Ships fast and folded with care.",FixedPrice,Adidas,,Black with white and dark-gray logos,Women's Bottoms
Draft,A1-MD-0003,,Columbia Willapa River shorts,,22,1,,3000,"Columbia Willapa River shorts

Brand: Columbia
Department: Men's Bottoms
Category: Outdoor / Fishing Shorts
Size: See measurements in photos
Condition: Pre-owned; see photos

SKU A1-MD-0003 — EHC secondhand apparel.
Smoke-free handling. Ships fast and folded with care.",FixedPrice,Columbia,,,Men's Bottoms
Draft,A1-MD-0004,,Patagonia Baggies shorts,,35,1,,3000,"Patagonia Baggies shorts

Brand: Patagonia
Department: Men's Bottoms
Category: Outdoor Shorts
Size: See measurements in photos
Condition: Pre-owned; see photos

SKU A1-MD-0004 — EHC secondhand apparel.
Smoke-free handling. Ships fast and folded with care.",FixedPrice,Patagonia,,,Men's Bottoms
Draft,A1-MD-0005,,Vintage America Blues boyfriend jeans,,18,1,,3000,"Vintage America Blues boyfriend jeans

Brand: Vintage America Blues
Department: Women's Bottoms
Category: Boyfriend Jeans
Size: See measurements in photos
Condition: Pre-owned; see photos

SKU A1-MD-0005 — EHC secondhand apparel.
Smoke-free handling. Ships fast and folded with care.",FixedPrice,Vintage America Blues,,,Women's Bottoms
Draft,A1-MD-0006,,Forenza leather jacket,,30,1,,3000,"Forenza leather jacket

Brand: Forenza
Department: Other
Category: Leather Jacket
Size: See measurements in photos
Condition: Pre-owned; see photos

SKU A1-MD-0006 — EHC secondhand apparel.
Smoke-free handling. Ships fast and folded with care.",FixedPrice,Forenza,,,Other
Draft,A1-MD-0007,,New Balance navy running shorts,,12,1,,3000,"New Balance navy running shorts

Brand: New Balance
Department: Not Confirmed
Category: Running Shorts
Size: See measurements in photos
Color: Navy
Condition: Pre-owned; see photos

SKU A1-MD-0007 — EHC secondhand apparel.
Smoke-free handling. Ships fast and folded with care.",FixedPrice,New Balance,,Navy,Not Confirmed
Draft,A1-MD-0008,,Lauren Ralph Lauren ribbed lace-up 3/4 sleeve top Size M,,15,1,,3000,"Lauren Ralph Lauren ribbed lace-up 3/4 sleeve top Size M

Brand: Lauren Ralph Lauren
Department: Women's Tops
Category: Top / Blouse
Size: M
Color: Peach / Blush Pink
Pattern: Solid vertical ribbed knit
Condition: Good pre-owned; final inspection required

SKU A1-MD-0008 — EHC secondhand apparel.
Smoke-free handling. Ships fast and folded with care.",FixedPrice,Lauren Ralph Lauren,M,Peach / Blush Pink,Women's Tops
Draft,A1-MD-0009,,Under Armour HeatGear loose-fit performance polo Size M,,13,1,,3000,"Under Armour HeatGear loose-fit performance polo Size M

Brand: Under Armour
Department: Men's Tops
Category: Polo Shirt
Size: M
Color: Teal / Aqua Green
Pattern: Heathered
Condition: Good pre-owned; pending final inspection

SKU A1-MD-0009 — EHC secondhand apparel.
Smoke-free handling. Ships fast and folded with care.",FixedPrice,Under Armour,M,Teal / Aqua Green,Men's Tops
Draft,A1-MD-0010,,Marvel Captain America all-over-print short-sleeve button-up shirt Size M,,8,1,,3000,"Marvel Captain America all-over-print short-sleeve button-up shirt Size M

Brand: Marvel
Department: Men's Tops
Category: Casual Button-Down Shirt
Size: M
Color: Beige / Tan with red, white, and blue graphics
Pattern: Captain America shield and Avengers-style emblem all-over print
Condition: Fair / Damaged

SKU A1-MD-0010 — EHC secondhand apparel.
Smoke-free handling. Ships fast and folded with care.",FixedPrice,Marvel,M,"Beige / Tan with red, white, and blue graphics",Men's Tops
Draft,A1-MD-0011,,Dockers short-sleeve button-down shirt Size M,,12,1,,3000,"Dockers short-sleeve button-down shirt Size M

Brand: Dockers
Department: Men's Tops
Category: Casual Button-Down Shirt
Size: M
Color: Dark navy
Pattern: Solid
Condition: Good pre-owned; final inspection required

SKU A1-MD-0011 — EHC secondhand apparel.
Smoke-free handling. Ships fast and folded with care.",FixedPrice,Dockers,M,Dark navy,Men's Tops
Draft,A1-MD-0012,,Stitch Beachwear tropical short-sleeve button-down shirt Size L,,18,1,,3000,"Stitch Beachwear tropical short-sleeve button-down shirt Size L

Brand: Stitch Beachwear
Department: Men's Tops
Category: Hawaiian / Casual Button-Down Shirt
Size: L
Color: Cream / navy blue / turquoise / mustard
Pattern: Tropical monstera leaf and tiki print
Condition: Good pre-owned; final inspection required

SKU A1-MD-0012 — EHC secondhand apparel.
Smoke-free handling. Ships fast and folded with care.",FixedPrice,Stitch Beachwear,L,Cream / navy blue / turquoise / mustard,Men's Tops
Draft,A1-MD-0013,,Callaway Golf Sport short-sleeve polo shirt Size L,,8,1,,3000,"Callaway Golf Sport short-sleeve polo shirt Size L

Brand: Callaway Golf
Department: Men's Tops
Category: Golf Polo Shirt
Size: L
Color: White / off-white
Pattern: Solid pique knit
Condition: Fair / Stained

SKU A1-MD-0013 — EHC secondhand apparel.
Smoke-free handling. Ships fast and folded with care.",FixedPrice,Callaway Golf,L,White / off-white,Men's Tops
Draft,A1-MD-0014,,Under Armour HeatGear U Golf striped performance polo Size XL,,22,1,,3000,"Under Armour HeatGear U Golf striped performance polo Size XL

Brand: Under Armour
Department: Men's Tops
Category: Performance Golf Polo Shirt
Size: XL
Color: White / light gray with green and yellow logo
Pattern: Color-blocked with horizontal stripes
Condition: Good pre-owned; final inspection required

SKU A1-MD-0014 — EHC secondhand apparel.
Smoke-free handling. Ships fast and folded with care.",FixedPrice,Under Armour,XL,White / light gray with green and yellow logo,Men's Tops
Draft,A1-MD-0015,,Abercrombie & Fitch floral super-slim stretch short-sleeve button-up shirt Size,,18,1,,3000,"Abercrombie & Fitch floral super-slim stretch short-sleeve button-up shirt Size

Brand: Abercrombie & Fitch
Department: Men's Tops
Category: Casual Button-Down Shirt
Size: S
Color: Dark navy / charcoal with red, cream, and muted floral print
Pattern: Ditsy floral
Condition: Good pre-owned; final inspection required

SKU A1-MD-0015 — EHC secondhand apparel.
Smoke-free handling. Ships fast and folded with care.",FixedPrice,Abercrombie & Fitch,S,"Dark navy / charcoal with red, cream, and muted floral print",Men's Tops
Draft,A1-MD-0016,,Wrangler Authentic Series 75 plaid short-sleeve button-down shirt,,12,1,,3000,"Wrangler Authentic Series 75 plaid short-sleeve button-down shirt

Brand: Wrangler
Department: Men's Tops
Category: Casual Button-Down Shirt
Size: See measurements in photos
Color: Cream / light khaki with muted blue and red
Pattern: Plaid
Condition: Good pre-owned; final inspection required

SKU A1-MD-0016 — EHC secondhand apparel.
Smoke-free handling. Ships fast and folded with care.",FixedPrice,Wrangler,,Cream / light khaki with muted blue and red,Men's Tops
Draft,A1-MD-0017,,Mercedes by Carol black tonal-striped short-sleeve polo shirt Size L,,12,1,,3000,"Mercedes by Carol black tonal-striped short-sleeve polo shirt Size L

Brand: Mercedes by Carol
Department: Men's Tops
Category: Polo Shirt
Size: L
Color: Black
Pattern: Solid with subtle tonal vertical stripes
Condition: Good pre-owned; final inspection required

SKU A1-MD-0017 — EHC secondhand apparel.
Smoke-free handling. Ships fast and folded with care.",FixedPrice,Mercedes by Carol,L,Black,Men's Tops
Draft,A1-MD-0018,,Van Heusen Wrinkle Free plaid short-sleeve button-down shirt,,11,1,,3000,"Van Heusen Wrinkle Free plaid short-sleeve button-down shirt

Brand: Van Heusen
Department: Men's Tops
Category: Casual Button-Down Shirt
Size: See measurements in photos
Color: Cream / off-white with blue and red lines
Pattern: Windowpane plaid / check
Condition: Good pre-owned; final inspection required

SKU A1-MD-0018 — EHC secondhand apparel.
Smoke-free handling. Ships fast and folded with care.",FixedPrice,Van Heusen,,Cream / off-white with blue and red lines,Men's Tops
Draft,A1-MD-0019,,Nautica nautical signal-flags front-and-back graphic T-shirt Size XXL / 2XL,,10,1,,3000,"Nautica nautical signal-flags front-and-back graphic T-shirt Size XXL / 2XL

Brand: Nautica
Department: Men's Tops
Category: Graphic T-Shirt
Size: XXL / 2XL
Color: Royal blue
Pattern: Solid with nautical signal-flag graphics
Condition: Good pre-owned with graphic wear; final inspection required

SKU A1-MD-0019 — EHC secondhand apparel.
Smoke-free handling. Ships fast and folded with care.",FixedPrice,Nautica,XXL / 2XL,Royal blue,Men's Tops
Draft,A1-MD-0020,,Daniel Cremieux Signature Collection coral short-sleeve polo Size L,,15,1,,3000,"Daniel Cremieux Signature Collection coral short-sleeve polo Size L

Brand: Daniel Cremieux Signature Collection
Department: Men's Tops
Category: Golf Polo Shirt
Size: L
Color: Coral / salmon
Pattern: Solid pique knit
Condition: Good pre-owned; final inspection required

SKU A1-MD-0020 — EHC secondhand apparel.
Smoke-free handling. Ships fast and folded with care.",FixedPrice,Daniel Cremieux Signature Collection,L,Coral / salmon,Men's Tops
Draft,A1-MD-0021,,American Eagle Outfitters Ahh-Mazingly Soft slim-fit green plaid flannel shirt,,12,1,,3000,"American Eagle Outfitters Ahh-Mazingly Soft slim-fit green plaid flannel shirt

Brand: American Eagle Outfitters
Department: Women's Tops
Category: Flannel Button-Down Shirt
Size: S
Color: Dark green, navy/black, cream, and mustard yellow
Pattern: Tartan plaid with herringbone accent weave
Condition: Good pre-owned; final inspection required

SKU A1-MD-0021 — EHC secondhand apparel.
Smoke-free handling. Ships fast and folded with care.",FixedPrice,American Eagle Outfitters,S,"Dark green, navy/black, cream, and mustard yellow",Women's Tops
Draft,A1-MD-0022,,Paper Crane ribbed cropped cardigan and camisole twinset Size M,,18,1,,3000,"Paper Crane ribbed cropped cardigan and camisole twinset Size M

Brand: Paper Crane
Department: Women's Tops
Category: Cardigan & Tank Top Set / Twinset
Size: M
Color: Rust / burnt orange / terracotta
Pattern: Solid ribbed knit
Condition: Good pre-owned; final inspection required

SKU A1-MD-0022 — EHC secondhand apparel.
Smoke-free handling. Ships fast and folded with care.",FixedPrice,Paper Crane,M,Rust / burnt orange / terracotta,Women's Tops
Draft,A1-MD-0023,,IZOD New England Oxford striped short-sleeve button-down shirt Size 18 1/2 / L,,12,1,,3000,"IZOD New England Oxford striped short-sleeve button-down shirt Size 18 1/2 / L

Brand: IZOD
Department: Men's Tops
Category: Casual / Dress Button-Down Shirt
Size: 18 1/2 / L
Color: Light blue and white
Pattern: Vertical stripes
Condition: Good pre-owned; final inspection required

SKU A1-MD-0023 — EHC secondhand apparel.
Smoke-free handling. Ships fast and folded with care.",FixedPrice,IZOD,18 1/2 / L,Light blue and white,Men's Tops
Draft,A1-MD-0024,,Tommy Hilfiger Custom Fit windowpane plaid long-sleeve button-down shirt Size L,,12,1,,3000,"Tommy Hilfiger Custom Fit windowpane plaid long-sleeve button-down shirt Size L

Brand: Tommy Hilfiger
Department: Men's Tops
Category: Casual / Dress Button-Down Shirt
Size: L / 16 1/2-17
Color: Navy with light blue and red
Pattern: Windowpane plaid / check
Condition: Good pre-owned; final inspection required

SKU A1-MD-0024 — EHC secondhand apparel.
Smoke-free handling. Ships fast and folded with care.",FixedPrice,Tommy Hilfiger,L / 16 1/2-17,Navy with light blue and red,Men's Tops
Draft,A1-MD-0025,,Under Armour ColdGear heather quarter-zip fleece pullover Size XL,,20,1,,3000,"Under Armour ColdGear heather quarter-zip fleece pullover Size XL

Brand: Under Armour
Department: Men's Tops
Category: Athletic Quarter-Zip Pullover
Size: XL
Color: Heathered blue-gray / teal with black trim
Pattern: Heathered solid
Condition: Good pre-owned; final inspection required

SKU A1-MD-0025 — EHC secondhand apparel.
Smoke-free handling. Ships fast and folded with care.",FixedPrice,Under Armour,XL,Heathered blue-gray / teal with black trim,Men's Tops
Draft,A1-MD-0026,,J.Crew red and blue gingham long-sleeve button-down shirt Size L,,14,1,,3000,"J.Crew red and blue gingham long-sleeve button-down shirt Size L

Brand: J.Crew
Department: Men's Tops
Category: Casual Button-Down Shirt
Size: L
Color: Red, bright blue, and burgundy
Pattern: Gingham check
Condition: Good pre-owned; final inspection required

SKU A1-MD-0026 — EHC secondhand apparel.
Smoke-free handling. Ships fast and folded with care.",FixedPrice,J.Crew,L,"Red, bright blue, and burgundy",Men's Tops
Draft,A1-MD-0027,,Under Armour white gray and orange mesh racerback athletic tank top,,10,1,,3000,"Under Armour white gray and orange mesh racerback athletic tank top

Brand: Under Armour
Department: Women's Tops
Category: Athletic Racerback Tank Top
Size: See measurements in photos
Color: White / light gray with bright orange colorblock
Pattern: Heathered mesh stripe with colorblock panel
Condition: Good pre-owned; final inspection required

SKU A1-MD-0027 — EHC secondhand apparel.
Smoke-free handling. Ships fast and folded with care.",FixedPrice,Under Armour,,White / light gray with bright orange colorblock,Women's Tops
Draft,A1-MD-0028,,Ariat coral desert landscape agave graphic short-sleeve T-shirt Size M,,13,1,,3000,"Ariat coral desert landscape agave graphic short-sleeve T-shirt Size M

Brand: Ariat
Department: Women's Tops
Category: Graphic T-Shirt
Size: M
Color: Coral / salmon / peach
Pattern: Desert landscape and agave graphic
Condition: Good pre-owned with graphic wear; final inspection required

SKU A1-MD-0028 — EHC secondhand apparel.
Smoke-free handling. Ships fast and folded with care.",FixedPrice,Ariat,M,Coral / salmon / peach,Women's Tops
Draft,A1-MD-0029,,Under Armour HeatGear Alter Ego Superman loose-fit graphic T-shirt Size M,,20,1,,3000,"Under Armour HeatGear Alter Ego Superman loose-fit graphic T-shirt Size M

Brand: Under Armour
Department: Men's Tops
Category: Athletic Graphic T-Shirt
Size: M
Color: Navy blue with red, yellow, and gray
Pattern: Superman shield graphic
Condition: Good pre-owned with graphic wear; final inspection required

SKU A1-MD-0029 — EHC secondhand apparel.
Smoke-free handling. Ships fast and folded with care.",FixedPrice,Under Armour,M,"Navy blue with red, yellow, and gray",Men's Tops
Draft,A1-MD-0030,,St. John's Bay purple embroidered crinkle cotton peasant blouse Size L,,9,1,,3000,"St. John's Bay purple embroidered crinkle cotton peasant blouse Size L

Brand: St. John's Bay
Department: Women's Tops
Category: Peasant Blouse
Size: L
Color: Deep purple / plum with pink, white, and yellow embroidery
Pattern: Floral embroidery
Condition: Good pre-owned; final inspection required

SKU A1-MD-0030 — EHC secondhand apparel.
Smoke-free handling. Ships fast and folded with care.",FixedPrice,St. John's Bay,L,"Deep purple / plum with pink, white, and yellow embroidery",Women's Tops
Draft,A1-MD-0032,,Adidas AEROREADY charcoal gray 3-Stripes short-sleeve athletic shirt Size M,,13,1,,3000,"Adidas AEROREADY charcoal gray 3-Stripes short-sleeve athletic shirt Size M

Brand: Adidas
Department: Men's Tops
Category: Athletic T-Shirt
Size: M
Color: Heather charcoal gray with white stripes and black logo
Pattern: Heathered solid with 3-Stripes
Condition: Good pre-owned; final inspection required

SKU A1-MD-0032 — EHC secondhand apparel.
Smoke-free handling. Ships fast and folded with care.",FixedPrice,Adidas,M,Heather charcoal gray with white stripes and black logo,Men's Tops
Draft,A2-MD-0034,,Royal blue solid short-sleeve polo shirt,,8,1,,3000,"Royal blue solid short-sleeve polo shirt

Brand: See photos — brand tag verification pending
Department: Not Confirmed
Category: Polo Shirt
Size: See measurements in photos
Color: Royal blue / cobalt blue
Pattern: Solid
Condition: Pre-owned; final inspection required

SKU A2-MD-0034 — EHC secondhand apparel.
Smoke-free handling. Ships fast and folded with care.",FixedPrice,Unbranded,,Royal blue / cobalt blue,Not Confirmed
Draft,A2-MD-0035,,Lands' End black elastic-waist straight-leg casual pants Size 42 Regular,,18,1,,3000,"Lands' End black elastic-waist straight-leg casual pants Size 42 Regular

Brand: Lands' End
Department: Men's Bottoms
Category: Casual Pants / Chinos
Size: 42 Regular
Color: Black
Pattern: Solid
Condition: Good pre-owned; final inspection required

SKU A2-MD-0035 — EHC secondhand apparel.
Smoke-free handling. Ships fast and folded with care.",FixedPrice,Lands' End,42 Regular,Black,Men's Bottoms
Draft,A2-MD-0036,,St. John's Bay pale yellow interlock polo with navy stripe trim Size S/P,,8,1,,3000,"St. John's Bay pale yellow interlock polo with navy stripe trim Size S/P

Brand: St. John's Bay
Department: Men's Tops
Category: Polo Shirt
Size: S/P
Color: Pale yellow / butter yellow
Pattern: Solid with striped trim
Condition: Pre-owned; needs final inspection

SKU A2-MD-0036 — EHC secondhand apparel.
Smoke-free handling. Ships fast and folded with care.",FixedPrice,St. John's Bay,S/P,Pale yellow / butter yellow,Men's Tops
Draft,A2-MD-0037,,Brooks Brothers 346 olive green cotton chino pants Size W40/L30,,22,1,,3000,"Brooks Brothers 346 olive green cotton chino pants Size W40/L30

Brand: Brooks Brothers 346
Department: Men's Bottoms
Category: Chino Pants / Casual Pants
Size: W40/L30
Color: Olive green
Pattern: Solid
Condition: Good pre-owned; final inspection required

SKU A2-MD-0037 — EHC secondhand apparel.
Smoke-free handling. Ships fast and folded with care.",FixedPrice,Brooks Brothers 346,W40/L30,Olive green,Men's Bottoms
Draft,A2-MD-0038,,Columbia Sportswear Company Columbia KM5080 black burgundy colorblock nylon,,28,1,,3000,"Columbia Sportswear Company Columbia KM5080 black burgundy colorblock nylon

Brand: Columbia Sportswear Company
Department: Men's Tops
Category: Windbreaker Jacket / Lightweight Outerwear
Size: Men's M
Color: Black / burgundy / maroon
Pattern: Colorblock
Condition: Good pre-owned; final inspection required

SKU A2-MD-0038 — EHC secondhand apparel.
Smoke-free handling. Ships fast and folded with care.",FixedPrice,Columbia Sportswear Company,Men's M,Black / burgundy / maroon,Men's Tops
Draft,A2-MD-0039,,Space Exploration Technologies Corp. label SpaceX lavender-gray organic cotton,,35,1,,3000,"Space Exploration Technologies Corp. label SpaceX lavender-gray organic cotton

Brand: Space Exploration Technologies Corp. label
Department: Not Confirmed
Category: Full-Zip Hoodie / Sweatshirt
Size: L
Color: Lavender-gray / light purple
Pattern: Solid
Condition: Pre-owned; needs final inspection and authenticity review

SKU A2-MD-0039 — EHC secondhand apparel.
Smoke-free handling. Ships fast and folded with care.",FixedPrice,Space Exploration Technologies Corp. label,L,Lavender-gray / light purple,Not Confirmed
Draft,A2-MD-0040,,American Eagle Outfitters American Eagle white stretch five-pocket jeans Size,,16,1,,3000,"American Eagle Outfitters American Eagle white stretch five-pocket jeans Size

Brand: American Eagle Outfitters
Department: Women's Bottoms
Category: Women's Jeans / Denim Pants
Size: Approx. 31x27.5
Color: White / ivory
Pattern: Solid
Condition: Fair pre-owned; visible marks and wear

SKU A2-MD-0040 — EHC secondhand apparel.
Smoke-free handling. Ships fast and folded with care.",FixedPrice,American Eagle Outfitters,Approx. 31x27.5,White / ivory,Women's Bottoms
Draft,A2-MD-0042,,Mondetta Performance + Luxury black straight-leg stretch pants Size M,,16,1,,3000,"Mondetta Performance + Luxury black straight-leg stretch pants Size M

Brand: Mondetta
Department: Women's Bottoms
Category: Women's Active Pants / Pull-On Straight-Leg Pants
Size: M
Color: Black / charcoal
Pattern: Solid
Condition: Pre-owned; final inspection required

SKU A2-MD-0042 — EHC secondhand apparel.
Smoke-free handling. Ships fast and folded with care.",FixedPrice,Mondetta,M,Black / charcoal,Women's Bottoms
Draft,A2-MD-0043,,Nike Sphere charcoal gray textured mesh V-neck performance shirt Size M,,20,1,,3000,"Nike Sphere charcoal gray textured mesh V-neck performance shirt Size M

Brand: Nike Sphere
Department: Men's Tops
Category: Athletic Performance T-Shirt
Size: M
Color: Charcoal gray / dark gray
Pattern: Solid textured mesh
Condition: Good pre-owned; final inspection required

SKU A2-MD-0043 — EHC secondhand apparel.
Smoke-free handling. Ships fast and folded with care.",FixedPrice,Nike Sphere,M,Charcoal gray / dark gray,Men's Tops
Draft,A2-MD-0044,,Levi's faded black denim trucker jacket Size Approx. 18x19,,29.95,1,,3000,"Levi's faded black denim trucker jacket Size Approx. 18x19

Brand: Levi's
Department: Other
Category: Denim Trucker Jacket / Jean Jacket
Size: Approx. 18x19
Color: Faded black / charcoal gray
Pattern: Solid
Condition: Good pre-owned; visible fading and final inspection required

SKU A2-MD-0044 — EHC secondhand apparel.
Smoke-free handling. Ships fast and folded with care.",FixedPrice,Levi's,Approx. 18x19,Faded black / charcoal gray,Other
Draft,A2-MD-0045,,Lauren Ralph Lauren navy double-breasted gold-button blazer Size 20W,,30,1,,3000,"Lauren Ralph Lauren navy double-breasted gold-button blazer Size 20W

Brand: Lauren Ralph Lauren
Department: Other
Category: Women's Blazer / Sport Coat
Size: 20W
Color: Navy blue
Pattern: Solid
Condition: Pre-owned; needs lint removal and final inspection

SKU A2-MD-0045 — EHC secondhand apparel.
Smoke-free handling. Ships fast and folded with care.",FixedPrice,Lauren Ralph Lauren,20W,Navy blue,Other
Draft,A2-MD-0046,,Brooks Brothers orange cotton quarter-zip pullover with striped trim Size S,,28,1,,3000,"Brooks Brothers orange cotton quarter-zip pullover with striped trim Size S

Brand: Brooks Brothers
Department: Men's Tops
Category: Quarter-Zip Pullover / Sweatshirt
Size: S
Color: Burnt orange / coral with navy and teal accents
Pattern: Solid with striped trim
Condition: Good pre-owned; final inspection required

SKU A2-MD-0046 — EHC secondhand apparel.
Smoke-free handling. Ships fast and folded with care.",FixedPrice,Brooks Brothers,S,Burnt orange / coral with navy and teal accents,Men's Tops
Draft,A2-MD-0047,,KUT from the Kloth Catherine Boyfriend dark green velveteen pants Size 14,,24,1,,3000,"KUT from the Kloth Catherine Boyfriend dark green velveteen pants Size 14

Brand: KUT from the Kloth
Department: Women's Bottoms
Category: Women's Boyfriend Pants / Velveteen Jeans
Size: 14
Color: Very dark green / black-green
Pattern: Solid
Condition: Good pre-owned; final inspection required

SKU A2-MD-0047 — EHC secondhand apparel.
Smoke-free handling. Ships fast and folded with care.",FixedPrice,KUT from the Kloth,14,Very dark green / black-green,Women's Bottoms
Draft,A2-MD-0048,,Nautica white sailing windbreaker jacket with black stripe Size XL,,34,1,,3000,"Nautica white sailing windbreaker jacket with black stripe Size XL

Brand: Nautica
Department: Men's Tops
Category: Men's Windbreaker Jacket / Lightweight Outerwear
Size: XL
Color: White / ivory with black accents
Pattern: Colorblock / striped
Condition: Pre-owned; cleaning and final inspection required

SKU A2-MD-0048 — EHC secondhand apparel.
Smoke-free handling. Ships fast and folded with care.",FixedPrice,Nautica,XL,White / ivory with black accents,Men's Tops
Draft,A2-MD-0050,,Fabletics men's black utility performance jogger pants Size L,,23,1,,3000,"Fabletics men's black utility performance jogger pants Size L

Brand: Fabletics
Department: Men's Bottoms
Category: Men's Athletic Jogger / Utility Cargo Pants
Size: L
Color: Black with turquoise accents
Pattern: Solid
Condition: Good pre-owned; final inspection required

SKU A2-MD-0050 — EHC secondhand apparel.
Smoke-free handling. Ships fast and folded with care.",FixedPrice,Fabletics,L,Black with turquoise accents,Men's Bottoms
Draft,A4-MD-0051,,Wrangler Western Shirts teal navy plaid long-sleeve button-up shirt Size M/M,,13,1,,3000,"Wrangler Western Shirts teal navy plaid long-sleeve button-up shirt Size M/M

Brand: Wrangler Western Shirts
Department: Men's Tops
Category: Men's Plaid Button-Up Shirt
Size: M/M
Color: Teal, navy, white and gray
Pattern: Plaid
Condition: Pre-owned; final inspection required

SKU A4-MD-0051 — EHC secondhand apparel.
Smoke-free handling. Ships fast and folded with care.",FixedPrice,Wrangler Western Shirts,M/M,"Teal, navy, white and gray",Men's Tops
Draft,A4-MD-0052,,Woolrich Rugged Outdoorwear burgundy cotton button-up shirt Size XL,,24,1,,3000,"Woolrich Rugged Outdoorwear burgundy cotton button-up shirt Size XL

Brand: Woolrich Rugged Outdoorwear
Department: Men's Tops
Category: Men's Cotton Button-Up Shirt
Size: XL
Color: Burgundy / faded red
Pattern: Solid
Condition: Pre-owned; visible fading and possible lower-front flaw

SKU A4-MD-0052 — EHC secondhand apparel.
Smoke-free handling. Ships fast and folded with care.",FixedPrice,Woolrich Rugged Outdoorwear,XL,Burgundy / faded red,Men's Tops
Draft,A4-MD-0053,,Field & Stream 1871 plaid lined shirt jacket,,15,1,,3000,"Field & Stream 1871 plaid lined shirt jacket

Brand: Field & Stream 1871
Department: Men's Tops
Category: Plaid Lined Shirt Jacket
Size: See measurements in photos
Color: Cream, gray and dark navy/blue
Pattern: Plaid
Condition: Pre-owned; light wear visible; final inspection required

SKU A4-MD-0053 — EHC secondhand apparel.
Smoke-free handling. Ships fast and folded with care.",FixedPrice,Field & Stream 1871,,"Cream, gray and dark navy/blue",Men's Tops
Draft,A4-MD-0054,,Brooks Brothers 346 slim-fit non-iron cotton plaid shirt,,22,1,,3000,"Brooks Brothers 346 slim-fit non-iron cotton plaid shirt

Brand: Brooks Brothers 346
Department: Not Confirmed
Category: Plaid Button-Up Shirt
Size: See measurements in photos
Color: Light gray / white plaid
Pattern: Plaid
Condition: Pre-owned; see photos

SKU A4-MD-0054 — EHC secondhand apparel.
Smoke-free handling. Ships fast and folded with care.",FixedPrice,Brooks Brothers 346,,Light gray / white plaid,Not Confirmed
Draft,A4-MD-0055,,DKNY gray blue micro-geometric button-up shirt Size M,,10,1,,3000,"DKNY gray blue micro-geometric button-up shirt Size M

Brand: DKNY
Department: Men's Tops
Category: Patterned Button-Up Shirt
Size: M
Color: Gray with blue and white accents
Pattern: Micro-geometric
Condition: Pre-owned; see photos

SKU A4-MD-0055 — EHC secondhand apparel.
Smoke-free handling. Ships fast and folded with care.",FixedPrice,DKNY,M,Gray with blue and white accents,Men's Tops
Draft,A4-MD-0056,,Eddie Bauer orange cream plaid button-up shirt Size L,,16,1,,3000,"Eddie Bauer orange cream plaid button-up shirt Size L

Brand: Eddie Bauer
Department: Men's Tops
Category: Men's Plaid Button-Up Shirt
Size: L
Color: Rust orange, cream, olive and dark gray
Pattern: Plaid
Condition: Pre-owned; see photos

SKU A4-MD-0056 — EHC secondhand apparel.
Smoke-free handling. Ships fast and folded with care.",FixedPrice,Eddie Bauer,L,"Rust orange, cream, olive and dark gray",Men's Tops
Draft,A4-MD-0057,,Superman / DC Comics licensed Licensed Superman DC Comics distressed shield,,16,1,,3000,"Superman / DC Comics licensed Licensed Superman DC Comics distressed shield

Brand: Superman / DC Comics licensed
Department: Men's Tops
Category: Graphic T-Shirt
Size: M
Color: Navy blue with red and yellow graphic
Pattern: Distressed Superman shield graphic
Condition: Pre-owned; full inspection required

SKU A4-MD-0057 — EHC secondhand apparel.
Smoke-free handling. Ships fast and folded with care.",FixedPrice,Superman / DC Comics licensed,M,Navy blue with red and yellow graphic,Men's Tops
Draft,A4-MD-0058,,Roundtree & Yorke Luxury Collection striped non-iron button-down shirt Size S,,10,1,,3000,"Roundtree & Yorke Luxury Collection striped non-iron button-down shirt Size S

Brand: Roundtree & Yorke
Department: Men's Tops
Category: Men's Button-Down Shirt
Size: S
Color: White, navy, gray and beige
Pattern: Vertical stripes
Condition: Pre-owned; see photos

SKU A4-MD-0058 — EHC secondhand apparel.
Smoke-free handling. Ships fast and folded with care.",FixedPrice,Roundtree & Yorke,S,"White, navy, gray and beige",Men's Tops
Draft,A4-MD-0059,,Under Armour women's gray short-sleeve athletic blouse/top,,12,1,,3000,"Under Armour women's gray short-sleeve athletic blouse/top

Brand: Under Armour
Department: Women's Tops
Category: Women's Athletic Top / Blouse
Size: See measurements in photos
Color: Heather gray
Pattern: Heathered solid
Condition: Pre-owned or store-tagged; full inspection required

SKU A4-MD-0059 — EHC secondhand apparel.
Smoke-free handling. Ships fast and folded with care.",FixedPrice,Under Armour,,Heather gray,Women's Tops
Draft,A4-MD-0060,,Nike Athletics red short-sleeve graphic T-shirt Size XL,,,1,,3000,"Nike Athletics red short-sleeve graphic T-shirt Size XL

Brand: Nike
Department: Men's Tops
Category: Graphic T-Shirt
Size: XL
Color: Red
Pattern: Solid
Condition: Pre-owned; visible fading and possible small dark marks

SKU A4-MD-0060 — EHC secondhand apparel.
Smoke-free handling. Ships fast and folded with care.",FixedPrice,Nike,XL,Red,Men's Tops
Draft,A4-MD-0061,,Grey's Anatomy by Barco royal blue snap-front scrub jacket Size M,,14,1,,3000,"Grey's Anatomy by Barco royal blue snap-front scrub jacket Size M

Brand: Grey's Anatomy by Barco
Department: Women's Workwear / Scrubs
Category: Scrub Jacket / Warm-Up Jacket
Size: M
Color: Royal blue
Pattern: Solid
Condition: Pre-owned; visible lint; final inspection required

SKU A4-MD-0061 — EHC secondhand apparel.
Smoke-free handling. Ships fast and folded with care.",FixedPrice,Grey's Anatomy by Barco,M,Royal blue,Women's Workwear / Scrubs
Draft,A4-MD-0062,,Nike cream sherpa fleece — label attachment must be verified,,30,1,,3000,"Nike cream sherpa fleece — label attachment must be verified

Brand: Nike (unconfirmed)
Department: Not Confirmed
Category: Sherpa Fleece Jacket / Outerwear
Size: See measurements in photos
Color: Cream
Condition: Purchased; final inspection required

SKU A4-MD-0062 — EHC secondhand apparel.
Smoke-free handling. Ships fast and folded with care.",FixedPrice,Nike (unconfirmed),,Cream,Not Confirmed
Draft,A4-MD-0063,,GAP black utility/tech jacket,,30,1,,3000,"GAP black utility/tech jacket

Brand: GAP
Department: Not Confirmed
Category: Utility / Tech Jacket
Size: See measurements in photos
Color: Black
Condition: Purchased; final inspection required

SKU A4-MD-0063 — EHC secondhand apparel.
Smoke-free handling. Ships fast and folded with care.",FixedPrice,GAP,,Black,Not Confirmed
Draft,A4-MD-0064,,Navy multicolor floral wrap romper / jumpsuit,,18,1,,3000,"Navy multicolor floral wrap romper / jumpsuit

Brand: See photos — brand tag verification pending
Department: Women's One-Piece / Dresses
Category: Women's Romper / Jumpsuit
Size: M (tag appears; verify)
Color: Navy with pink, red, blue and white
Pattern: Floral
Condition: Pre-owned; final inspection and exact brand verification required

SKU A4-MD-0064 — EHC secondhand apparel.
Smoke-free handling. Ships fast and folded with care.",FixedPrice,Unbranded,M (tag appears; verify),"Navy with pink, red, blue and white",Women's One-Piece / Dresses
Draft,A4-MD-0065,,Levi's white denim jeans,,22,1,,3000,"Levi's white denim jeans

Brand: Levi's
Department: Not Confirmed
Category: Jeans / Denim Pants
Size: 31 x 30 (verify tag)
Color: White / ivory
Pattern: Solid
Condition: Pre-owned; final inspection and department verification required

SKU A4-MD-0065 — EHC secondhand apparel.
Smoke-free handling. Ships fast and folded with care.",FixedPrice,Levi's,31 x 30 (verify tag),White / ivory,Not Confirmed
Draft,A4-MD-0066,,Art Class red floral smocked long-sleeve top Size XL 14/16,,12,1,,3000,"Art Class red floral smocked long-sleeve top Size XL 14/16

Brand: Art Class
Department: Girls' Tops
Category: Kids Smocked Blouse / Top
Size: XL 14/16
Color: Red with white, yellow and blue
Pattern: Ditsy floral
Condition: Pre-owned; final inspection required

SKU A4-MD-0066 — EHC secondhand apparel.
Smoke-free handling. Ships fast and folded with care.",FixedPrice,Art Class,XL 14/16,"Red with white, yellow and blue",Girls' Tops
Draft,A4-MD-0067,,Xhilaration navy striped lace-sleeve blouse Size S/P,,10,1,,3000,"Xhilaration navy striped lace-sleeve blouse Size S/P

Brand: Xhilaration
Department: Women's Tops
Category: Women's Blouse / Long-Sleeve Top
Size: S/P
Color: Navy and white
Pattern: Horizontal stripes with lace sleeves
Condition: Pre-owned; final inspection required

SKU A4-MD-0067 — EHC secondhand apparel.
Smoke-free handling. Ships fast and folded with care.",FixedPrice,Xhilaration,S/P,Navy and white,Women's Tops
Draft,A4-MD-0068,,American Eagle gray heather long-sleeve crewneck shirt Size M,,13,1,,3000,"American Eagle gray heather long-sleeve crewneck shirt Size M

Brand: American Eagle
Department: Men's Tops
Category: Long-Sleeve T-Shirt / Casual Top
Size: M
Color: Heather gray
Pattern: Heathered solid
Condition: Pre-owned; final inspection required

SKU A4-MD-0068 — EHC secondhand apparel.
Smoke-free handling. Ships fast and folded with care.",FixedPrice,American Eagle,M,Heather gray,Men's Tops
Draft,A4-MD-0069,,Old Navy red eyelet lace long-sleeve blouse Size L,,14,1,,3000,"Old Navy red eyelet lace long-sleeve blouse Size L

Brand: Old Navy
Department: Women's Tops
Category: Women's Eyelet Blouse / Top
Size: L
Color: Red / coral
Pattern: Eyelet floral lace
Condition: Pre-owned; final inspection required

SKU A4-MD-0069 — EHC secondhand apparel.
Smoke-free handling. Ships fast and folded with care.",FixedPrice,Old Navy,L,Red / coral,Women's Tops
Draft,A4-MD-0070,,Sonoma gray striped open-front cardigan Size S,,14,1,,3000,"Sonoma gray striped open-front cardigan Size S

Brand: Sonoma
Department: Women's Tops
Category: Women's Cardigan Sweater
Size: S
Color: Gray and white
Pattern: Horizontal stripes
Condition: Pre-owned; final inspection required

SKU A4-MD-0070 — EHC secondhand apparel.
Smoke-free handling. Ships fast and folded with care.",FixedPrice,Sonoma,S,Gray and white,Women's Tops
Draft,A4-MD-0071,,Calvin Klein Performance black long-sleeve turtleneck top Size L,,18,1,,3000,"Calvin Klein Performance black long-sleeve turtleneck top Size L

Brand: Calvin Klein Performance
Department: Women's Tops
Category: Women's Athletic Turtleneck / Base Layer
Size: L
Color: Black
Pattern: Solid
Condition: Pre-owned; final inspection required

SKU A4-MD-0071 — EHC secondhand apparel.
Smoke-free handling. Ships fast and folded with care.",FixedPrice,Calvin Klein Performance,L,Black,Women's Tops
Draft,A4-MD-0072,,Mossimo Supply Co. Mossimo Supply Co black white striped short-sleeve knit,,12,1,,3000,"Mossimo Supply Co. Mossimo Supply Co black white striped short-sleeve knit

Brand: Mossimo Supply Co.
Department: Women's Dresses
Category: Women's Casual Knit Dress / Tunic
Size: S
Color: Black and white
Pattern: Horizontal stripes
Condition: Pre-owned; final inspection required

SKU A4-MD-0072 — EHC secondhand apparel.
Smoke-free handling. Ships fast and folded with care.",FixedPrice,Mossimo Supply Co.,S,Black and white,Women's Dresses
Draft,A4-MD-0073,,American Eagle tan stretch skinny pants / chinos,,16,1,,3000,"American Eagle tan stretch skinny pants / chinos

Brand: American Eagle
Department: Women's Bottoms
Category: Women's Casual Pants / Chinos
Size: 6 (verify tag)
Color: Tan / khaki
Pattern: Solid
Condition: Pre-owned; final inspection required

SKU A4-MD-0073 — EHC secondhand apparel.
Smoke-free handling. Ships fast and folded with care.",FixedPrice,American Eagle,6 (verify tag),Tan / khaki,Women's Bottoms
Draft,A4-MD-0074,,Lucky Brand white gray raglan long-sleeve top Size M,,14,1,,3000,"Lucky Brand white gray raglan long-sleeve top Size M

Brand: Lucky Brand
Department: Women's Tops
Category: Women's Long-Sleeve Casual Top
Size: M
Color: White and heather gray
Pattern: Colorblock / raglan
Condition: Pre-owned; final inspection required

SKU A4-MD-0074 — EHC secondhand apparel.
Smoke-free handling. Ships fast and folded with care.",FixedPrice,Lucky Brand,M,White and heather gray,Women's Tops
Draft,A4-MD-0075,,White textured eyelash open-front cardigan Size S,,15,1,,3000,"White textured eyelash open-front cardigan Size S

Brand: Not confirmed (label appears Vialace)
Department: Women's Tops
Category: Women's Open-Front Cardigan / Kimono
Size: S
Color: White / ivory
Pattern: Textured eyelash / fringe
Condition: Pre-owned; exact brand and final condition inspection required

SKU A4-MD-0075 — EHC secondhand apparel.
Smoke-free handling. Ships fast and folded with care.",FixedPrice,Not confirmed (label appears Vialace),S,White / ivory,Women's Tops
Draft,A4-MD-0076,,Focus 2000 Collection gray pinstripe dress pants Size 6,,14,1,,3000,"Focus 2000 Collection gray pinstripe dress pants Size 6

Brand: Focus 2000 Collection
Department: Women's Bottoms
Category: Women's Dress Pants / Trousers
Size: 6
Color: Gray
Pattern: Pinstripe
Condition: Pre-owned; final inspection required

SKU A4-MD-0076 — EHC secondhand apparel.
Smoke-free handling. Ships fast and folded with care.",FixedPrice,Focus 2000 Collection,6,Gray,Women's Bottoms
Draft,A4-MD-0077,,Perceptions New York black white abstract print dress Size 6,,18,1,,3000,"Perceptions New York black white abstract print dress Size 6

Brand: Perceptions New York
Department: Women's Dresses
Category: Women's Printed Dress
Size: 6
Color: Black and white
Pattern: Abstract geometric
Condition: Pre-owned; final inspection required

SKU A4-MD-0077 — EHC secondhand apparel.
Smoke-free handling. Ships fast and folded with care.",FixedPrice,Perceptions New York,6,Black and white,Women's Dresses
Draft,A4-MD-0078,,Dark indigo denim long-sleeve button-up shirt,,18,1,,3000,"Dark indigo denim long-sleeve button-up shirt

Brand: See photos — brand tag verification pending
Department: Not Confirmed
Category: Denim Button-Up Shirt
Size: See measurements in photos
Color: Dark indigo blue
Pattern: Solid denim
Condition: Pre-owned; brand, size, department and final condition verification required

SKU A4-MD-0078 — EHC secondhand apparel.
Smoke-free handling. Ships fast and folded with care.",FixedPrice,Unbranded,,Dark indigo blue,Not Confirmed
Draft,A4-MD-0079,,Black gray striped long-sleeve tunic top,,12,1,,3000,"Black gray striped long-sleeve tunic top

Brand: Not confirmed (label appears Aviva)
Department: Women's Tops
Category: Women's Long-Sleeve Tunic / Top
Size: M (verify tag)
Color: Black and charcoal gray
Pattern: Horizontal stripes
Condition: Pre-owned; exact brand, garment type and final inspection required

SKU A4-MD-0079 — EHC secondhand apparel.
Smoke-free handling. Ships fast and folded with care.",FixedPrice,Not confirmed (label appears Aviva),M (verify tag),Black and charcoal gray,Women's Tops
Draft,A4-MD-0080,,Worthington red paisley sleeveless blouse Size M,,13,1,,3000,"Worthington red paisley sleeveless blouse Size M

Brand: Worthington
Department: Women's Tops
Category: Women's Sleeveless Blouse
Size: M
Color: Red with black and white
Pattern: Paisley
Condition: Pre-owned; final inspection required

SKU A4-MD-0080 — EHC secondhand apparel.
Smoke-free handling. Ships fast and folded with care.",FixedPrice,Worthington,M,Red with black and white,Women's Tops
Draft,A4-MD-0081,,Apt. 9 gold paisley pull-on skirt,,14,1,,3000,"Apt. 9 gold paisley pull-on skirt

Brand: Apt. 9
Department: Women's Bottoms
Category: Women's Printed Skirt
Size: L (verify tag)
Color: Gold, brown and black
Pattern: Paisley
Condition: Pre-owned; garment type, size and final inspection required

SKU A4-MD-0081 — EHC secondhand apparel.
Smoke-free handling. Ships fast and folded with care.",FixedPrice,Apt. 9,L (verify tag),"Gold, brown and black",Women's Bottoms
Draft,A4-MD-0082,,Alex Evenings burgundy glitter long-sleeve blouse Size S,,24,1,,3000,"Alex Evenings burgundy glitter long-sleeve blouse Size S

Brand: Alex Evenings
Department: Women's Tops
Category: Women's Evening Blouse / Formal Top
Size: S
Color: Burgundy / wine
Pattern: Glitter / metallic textured solid
Condition: Pre-owned; final inspection required

SKU A4-MD-0082 — EHC secondhand apparel.
Smoke-free handling. Ships fast and folded with care.",FixedPrice,Alex Evenings,S,Burgundy / wine,Women's Tops
Draft,A4-MD-0083,,Worthington teal pleated sleeveless V-neck blouse,,12,1,,3000,"Worthington teal pleated sleeveless V-neck blouse

Brand: Worthington
Department: Women's Tops
Category: Women's Sleeveless Blouse
Size: See measurements in photos
Color: Teal / turquoise
Pattern: Solid with pleated front
Condition: Pre-owned; size and final inspection required

SKU A4-MD-0083 — EHC secondhand apparel.
Smoke-free handling. Ships fast and folded with care.",FixedPrice,Worthington,,Teal / turquoise,Women's Tops
Draft,A5-MD-0084,,Visconti made in Italy black blazer,,30,1,,3000,"Visconti made in Italy black blazer

Brand: Visconti
Department: Men's Jackets & Coats
Category: Men's Blazer / Sport Coat
Size: See measurements in photos
Color: Black / very dark navy
Pattern: Solid
Condition: Pre-owned; visible lint/wrinkles; final inspection required

SKU A5-MD-0084 — EHC secondhand apparel.
Smoke-free handling. Ships fast and folded with care.",FixedPrice,Visconti,,Black / very dark navy,Men's Jackets & Coats
Draft,A5-MD-0085,,Port Authority black gray colorblock full-zip windbreaker jacket Size XL,,18,1,,3000,"Port Authority black gray colorblock full-zip windbreaker jacket Size XL

Brand: Port Authority
Department: Men's Jackets & Coats
Category: Men's Windbreaker Jacket / Lightweight Outerwear
Size: XL
Color: Black / light gray
Pattern: Colorblock
Condition: Pre-owned; visible small front mark/flaw and final inspection required

SKU A5-MD-0085 — EHC secondhand apparel.
Smoke-free handling. Ships fast and folded with care.",FixedPrice,Port Authority,XL,Black / light gray,Men's Jackets & Coats
