Title,SKU,Brand,Size,Color,Condition,Category,Department,Price,Quantity,Description,Current Status,Target Platforms
Nike shorts,A1-MD-0001,Nike,,,Pre-owned,Athletic Shorts,Not Confirmed,12,1,"Nike shorts

Brand: Nike
Department: Not Confirmed
Category: Athletic Shorts
Size: See measurements in photos
Condition: Pre-owned; see photos

SKU A1-MD-0001 — EHC secondhand apparel.
Smoke-free handling. Ships fast and folded with care.",Unlisted,Poshmark / eBay
Adidas black logo-print capri athletic leggings,A1-MD-0002,Adidas,,Black with white and dark-gray logos,Pre-owned,Women's Athletic Capri Leggings,Women's Bottoms,14,1,"Adidas black logo-print capri athletic leggings

Brand: Adidas
Department: Women's Bottoms
Category: Women's Athletic Capri Leggings
Size: See measurements in photos
Color: Black with white and dark-gray logos
Pattern: Solid with oversized vertical Adidas wordmark
Condition: Pre-owned; full inspection pending

SKU A1-MD-0002 — EHC secondhand apparel.
Smoke-free handling. Ships fast and folded with care.",Needs Review,Poshmark / eBay
Columbia Willapa River shorts,A1-MD-0003,Columbia,,,Pre-owned,Outdoor / Fishing Shorts,Men's Bottoms,22,1,"Columbia Willapa River shorts

Brand: Columbia
Department: Men's Bottoms
Category: Outdoor / Fishing Shorts
Size: See measurements in photos
Condition: Pre-owned; see photos

SKU A1-MD-0003 — EHC secondhand apparel.
Smoke-free handling. Ships fast and folded with care.",Unlisted,Poshmark / eBay
Patagonia Baggies shorts,A1-MD-0004,Patagonia,,,Pre-owned,Outdoor Shorts,Men's Bottoms,35,1,"Patagonia Baggies shorts

Brand: Patagonia
Department: Men's Bottoms
Category: Outdoor Shorts
Size: See measurements in photos
Condition: Pre-owned; see photos

SKU A1-MD-0004 — EHC secondhand apparel.
Smoke-free handling. Ships fast and folded with care.",Unlisted,Poshmark / eBay
Vintage America Blues boyfriend jeans,A1-MD-0005,Vintage America Blues,,,Pre-owned,Boyfriend Jeans,Women's Bottoms,18,1,"Vintage America Blues boyfriend jeans

Brand: Vintage America Blues
Department: Women's Bottoms
Category: Boyfriend Jeans
Size: See measurements in photos
Condition: Pre-owned; see photos

SKU A1-MD-0005 — EHC secondhand apparel.
Smoke-free handling. Ships fast and folded with care.",Unlisted,Poshmark / eBay
Forenza leather jacket,A1-MD-0006,Forenza,,,Pre-owned,Leather Jacket,Other,30,1,"Forenza leather jacket

Brand: Forenza
Department: Other
Category: Leather Jacket
Size: See measurements in photos
Condition: Pre-owned; see photos

SKU A1-MD-0006 — EHC secondhand apparel.
Smoke-free handling. Ships fast and folded with care.",Unlisted,Poshmark / eBay
New Balance navy running shorts,A1-MD-0007,New Balance,,Navy,Pre-owned,Running Shorts,Not Confirmed,12,1,"New Balance navy running shorts

Brand: New Balance
Department: Not Confirmed
Category: Running Shorts
Size: See measurements in photos
Color: Navy
Condition: Pre-owned; see photos

SKU A1-MD-0007 — EHC secondhand apparel.
Smoke-free handling. Ships fast and folded with care.",Unlisted,Poshmark / eBay
Lauren Ralph Lauren ribbed lace-up 3/4 sleeve top Size M,A1-MD-0008,Lauren Ralph Lauren,M,Peach / Blush Pink,Pre-owned,Top / Blouse,Women's Tops,15,1,"Lauren Ralph Lauren ribbed lace-up 3/4 sleeve top Size M

Brand: Lauren Ralph Lauren
Department: Women's Tops
Category: Top / Blouse
Size: M
Color: Peach / Blush Pink
Pattern: Solid vertical ribbed knit
Condition: Good pre-owned; final inspection required

SKU A1-MD-0008 — EHC secondhand apparel.
Smoke-free handling. Ships fast and folded with care.",Unlisted,Poshmark / eBay
Under Armour HeatGear loose-fit performance polo Size M,A1-MD-0009,Under Armour,M,Teal / Aqua Green,Pre-owned,Polo Shirt,Men's Tops,13,1,"Under Armour HeatGear loose-fit performance polo Size M

Brand: Under Armour
Department: Men's Tops
Category: Polo Shirt
Size: M
Color: Teal / Aqua Green
Pattern: Heathered
Condition: Good pre-owned; pending final inspection

SKU A1-MD-0009 — EHC secondhand apparel.
Smoke-free handling. Ships fast and folded with care.",Unlisted,Poshmark / eBay
Marvel Captain America all-over-print short-sleeve button-up shirt Size M,A1-MD-0010,Marvel,M,"Beige / Tan with red, white, and blue graphics",Pre-owned,Casual Button-Down Shirt,Men's Tops,8,1,"Marvel Captain America all-over-print short-sleeve button-up shirt Size M

Brand: Marvel
Department: Men's Tops
Category: Casual Button-Down Shirt
Size: M
Color: Beige / Tan with red, white, and blue graphics
Pattern: Captain America shield and Avengers-style emblem all-over print
Condition: Fair / Damaged

SKU A1-MD-0010 — EHC secondhand apparel.
Smoke-free handling. Ships fast and folded with care.",Unlisted,Poshmark / eBay
Dockers short-sleeve button-down shirt Size M,A1-MD-0011,Dockers,M,Dark navy,Pre-owned,Casual Button-Down Shirt,Men's Tops,12,1,"Dockers short-sleeve button-down shirt Size M

Brand: Dockers
Department: Men's Tops
Category: Casual Button-Down Shirt
Size: M
Color: Dark navy
Pattern: Solid
Condition: Good pre-owned; final inspection required

SKU A1-MD-0011 — EHC secondhand apparel.
Smoke-free handling. Ships fast and folded with care.",Unlisted,Poshmark / eBay
Stitch Beachwear tropical short-sleeve button-down shirt Size L,A1-MD-0012,Stitch Beachwear,L,Cream / navy blue / turquoise / mustard,Pre-owned,Hawaiian / Casual Button-Down Shirt,Men's Tops,18,1,"Stitch Beachwear tropical short-sleeve button-down shirt Size L

Brand: Stitch Beachwear
Department: Men's Tops
Category: Hawaiian / Casual Button-Down Shirt
Size: L
Color: Cream / navy blue / turquoise / mustard
Pattern: Tropical monstera leaf and tiki print
Condition: Good pre-owned; final inspection required

SKU A1-MD-0012 — EHC secondhand apparel.
Smoke-free handling. Ships fast and folded with care.",Unlisted,Poshmark / eBay
Callaway Golf Sport short-sleeve polo shirt Size L,A1-MD-0013,Callaway Golf,L,White / off-white,Pre-owned,Golf Polo Shirt,Men's Tops,8,1,"Callaway Golf Sport short-sleeve polo shirt Size L

Brand: Callaway Golf
Department: Men's Tops
Category: Golf Polo Shirt
Size: L
Color: White / off-white
Pattern: Solid pique knit
Condition: Fair / Stained

SKU A1-MD-0013 — EHC secondhand apparel.
Smoke-free handling. Ships fast and folded with care.",Unlisted,Poshmark / eBay
Under Armour HeatGear U Golf striped performance polo Size XL,A1-MD-0014,Under Armour,XL,White / light gray with green and yellow logo,Pre-owned,Performance Golf Polo Shirt,Men's Tops,22,1,"Under Armour HeatGear U Golf striped performance polo Size XL

Brand: Under Armour
Department: Men's Tops
Category: Performance Golf Polo Shirt
Size: XL
Color: White / light gray with green and yellow logo
Pattern: Color-blocked with horizontal stripes
Condition: Good pre-owned; final inspection required

SKU A1-MD-0014 — EHC secondhand apparel.
Smoke-free handling. Ships fast and folded with care.",Unlisted,Poshmark / eBay
Abercrombie & Fitch floral super-slim stretch short-sleeve button-up shirt Size,A1-MD-0015,Abercrombie & Fitch,S,"Dark navy / charcoal with red, cream, and muted floral print",Pre-owned,Casual Button-Down Shirt,Men's Tops,18,1,"Abercrombie & Fitch floral super-slim stretch short-sleeve button-up shirt Size

Brand: Abercrombie & Fitch
Department: Men's Tops
Category: Casual Button-Down Shirt
Size: S
Color: Dark navy / charcoal with red, cream, and muted floral print
Pattern: Ditsy floral
Condition: Good pre-owned; final inspection required

SKU A1-MD-0015 — EHC secondhand apparel.
Smoke-free handling. Ships fast and folded with care.",Unlisted,Poshmark / eBay
Wrangler Authentic Series 75 plaid short-sleeve button-down shirt,A1-MD-0016,Wrangler,,Cream / light khaki with muted blue and red,Pre-owned,Casual Button-Down Shirt,Men's Tops,12,1,"Wrangler Authentic Series 75 plaid short-sleeve button-down shirt

Brand: Wrangler
Department: Men's Tops
Category: Casual Button-Down Shirt
Size: See measurements in photos
Color: Cream / light khaki with muted blue and red
Pattern: Plaid
Condition: Good pre-owned; final inspection required

SKU A1-MD-0016 — EHC secondhand apparel.
Smoke-free handling. Ships fast and folded with care.",Unlisted,Poshmark / eBay
Mercedes by Carol black tonal-striped short-sleeve polo shirt Size L,A1-MD-0017,Mercedes by Carol,L,Black,Pre-owned,Polo Shirt,Men's Tops,12,1,"Mercedes by Carol black tonal-striped short-sleeve polo shirt Size L

Brand: Mercedes by Carol
Department: Men's Tops
Category: Polo Shirt
Size: L
Color: Black
Pattern: Solid with subtle tonal vertical stripes
Condition: Good pre-owned; final inspection required

SKU A1-MD-0017 — EHC secondhand apparel.
Smoke-free handling. Ships fast and folded with care.",Unlisted,Poshmark / eBay
Van Heusen Wrinkle Free plaid short-sleeve button-down shirt,A1-MD-0018,Van Heusen,,Cream / off-white with blue and red lines,Pre-owned,Casual Button-Down Shirt,Men's Tops,11,1,"Van Heusen Wrinkle Free plaid short-sleeve button-down shirt

Brand: Van Heusen
Department: Men's Tops
Category: Casual Button-Down Shirt
Size: See measurements in photos
Color: Cream / off-white with blue and red lines
Pattern: Windowpane plaid / check
Condition: Good pre-owned; final inspection required

SKU A1-MD-0018 — EHC secondhand apparel.
Smoke-free handling. Ships fast and folded with care.",Unlisted,Poshmark / eBay
Nautica nautical signal-flags front-and-back graphic T-shirt Size XXL / 2XL,A1-MD-0019,Nautica,XXL / 2XL,Royal blue,Pre-owned,Graphic T-Shirt,Men's Tops,10,1,"Nautica nautical signal-flags front-and-back graphic T-shirt Size XXL / 2XL

Brand: Nautica
Department: Men's Tops
Category: Graphic T-Shirt
Size: XXL / 2XL
Color: Royal blue
Pattern: Solid with nautical signal-flag graphics
Condition: Good pre-owned with graphic wear; final inspection required

SKU A1-MD-0019 — EHC secondhand apparel.
Smoke-free handling. Ships fast and folded with care.",Unlisted,Poshmark / eBay
Daniel Cremieux Signature Collection coral short-sleeve polo Size L,A1-MD-0020,Daniel Cremieux Signature Collection,L,Coral / salmon,Pre-owned,Golf Polo Shirt,Men's Tops,15,1,"Daniel Cremieux Signature Collection coral short-sleeve polo Size L

Brand: Daniel Cremieux Signature Collection
Department: Men's Tops
Category: Golf Polo Shirt
Size: L
Color: Coral / salmon
Pattern: Solid pique knit
Condition: Good pre-owned; final inspection required

SKU A1-MD-0020 — EHC secondhand apparel.
Smoke-free handling. Ships fast and folded with care.",Unlisted,Poshmark / eBay
American Eagle Outfitters Ahh-Mazingly Soft slim-fit green plaid flannel shirt,A1-MD-0021,American Eagle Outfitters,S,"Dark green, navy/black, cream, and mustard yellow",Pre-owned,Flannel Button-Down Shirt,Women's Tops,12,1,"American Eagle Outfitters Ahh-Mazingly Soft slim-fit green plaid flannel shirt

Brand: American Eagle Outfitters
Department: Women's Tops
Category: Flannel Button-Down Shirt
Size: S
Color: Dark green, navy/black, cream, and mustard yellow
Pattern: Tartan plaid with herringbone accent weave
Condition: Good pre-owned; final inspection required

SKU A1-MD-0021 — EHC secondhand apparel.
Smoke-free handling. Ships fast and folded with care.",Unlisted,Poshmark / eBay
Paper Crane ribbed cropped cardigan and camisole twinset Size M,A1-MD-0022,Paper Crane,M,Rust / burnt orange / terracotta,Pre-owned,Cardigan & Tank Top Set / Twinset,Women's Tops,18,1,"Paper Crane ribbed cropped cardigan and camisole twinset Size M

Brand: Paper Crane
Department: Women's Tops
Category: Cardigan & Tank Top Set / Twinset
Size: M
Color: Rust / burnt orange / terracotta
Pattern: Solid ribbed knit
Condition: Good pre-owned; final inspection required

SKU A1-MD-0022 — EHC secondhand apparel.
Smoke-free handling. Ships fast and folded with care.",Unlisted,Poshmark / eBay
IZOD New England Oxford striped short-sleeve button-down shirt Size 18 1/2 / L,A1-MD-0023,IZOD,18 1/2 / L,Light blue and white,Pre-owned,Casual / Dress Button-Down Shirt,Men's Tops,12,1,"IZOD New England Oxford striped short-sleeve button-down shirt Size 18 1/2 / L

Brand: IZOD
Department: Men's Tops
Category: Casual / Dress Button-Down Shirt
Size: 18 1/2 / L
Color: Light blue and white
Pattern: Vertical stripes
Condition: Good pre-owned; final inspection required

SKU A1-MD-0023 — EHC secondhand apparel.
Smoke-free handling. Ships fast and folded with care.",Unlisted,Poshmark / eBay
Tommy Hilfiger Custom Fit windowpane plaid long-sleeve button-down shirt Size L,A1-MD-0024,Tommy Hilfiger,L / 16 1/2-17,Navy with light blue and red,Pre-owned,Casual / Dress Button-Down Shirt,Men's Tops,12,1,"Tommy Hilfiger Custom Fit windowpane plaid long-sleeve button-down shirt Size L

Brand: Tommy Hilfiger
Department: Men's Tops
Category: Casual / Dress Button-Down Shirt
Size: L / 16 1/2-17
Color: Navy with light blue and red
Pattern: Windowpane plaid / check
Condition: Good pre-owned; final inspection required

SKU A1-MD-0024 — EHC secondhand apparel.
Smoke-free handling. Ships fast and folded with care.",Unlisted,Poshmark / eBay
Under Armour ColdGear heather quarter-zip fleece pullover Size XL,A1-MD-0025,Under Armour,XL,Heathered blue-gray / teal with black trim,Pre-owned,Athletic Quarter-Zip Pullover,Men's Tops,20,1,"Under Armour ColdGear heather quarter-zip fleece pullover Size XL

Brand: Under Armour
Department: Men's Tops
Category: Athletic Quarter-Zip Pullover
Size: XL
Color: Heathered blue-gray / teal with black trim
Pattern: Heathered solid
Condition: Good pre-owned; final inspection required

SKU A1-MD-0025 — EHC secondhand apparel.
Smoke-free handling. Ships fast and folded with care.",Unlisted,Poshmark / eBay
J.Crew red and blue gingham long-sleeve button-down shirt Size L,A1-MD-0026,J.Crew,L,"Red, bright blue, and burgundy",Pre-owned,Casual Button-Down Shirt,Men's Tops,14,1,"J.Crew red and blue gingham long-sleeve button-down shirt Size L

Brand: J.Crew
Department: Men's Tops
Category: Casual Button-Down Shirt
Size: L
Color: Red, bright blue, and burgundy
Pattern: Gingham check
Condition: Good pre-owned; final inspection required

SKU A1-MD-0026 — EHC secondhand apparel.
Smoke-free handling. Ships fast and folded with care.",Unlisted,Poshmark / eBay
Under Armour white gray and orange mesh racerback athletic tank top,A1-MD-0027,Under Armour,,White / light gray with bright orange colorblock,Pre-owned,Athletic Racerback Tank Top,Women's Tops,10,1,"Under Armour white gray and orange mesh racerback athletic tank top

Brand: Under Armour
Department: Women's Tops
Category: Athletic Racerback Tank Top
Size: See measurements in photos
Color: White / light gray with bright orange colorblock
Pattern: Heathered mesh stripe with colorblock panel
Condition: Good pre-owned; final inspection required

SKU A1-MD-0027 — EHC secondhand apparel.
Smoke-free handling. Ships fast and folded with care.",Unlisted,Poshmark / eBay
Ariat coral desert landscape agave graphic short-sleeve T-shirt Size M,A1-MD-0028,Ariat,M,Coral / salmon / peach,Pre-owned,Graphic T-Shirt,Women's Tops,13,1,"Ariat coral desert landscape agave graphic short-sleeve T-shirt Size M

Brand: Ariat
Department: Women's Tops
Category: Graphic T-Shirt
Size: M
Color: Coral / salmon / peach
Pattern: Desert landscape and agave graphic
Condition: Good pre-owned with graphic wear; final inspection required

SKU A1-MD-0028 — EHC secondhand apparel.
Smoke-free handling. Ships fast and folded with care.",Unlisted,Poshmark / eBay
Under Armour HeatGear Alter Ego Superman loose-fit graphic T-shirt Size M,A1-MD-0029,Under Armour,M,"Navy blue with red, yellow, and gray",Pre-owned,Athletic Graphic T-Shirt,Men's Tops,20,1,"Under Armour HeatGear Alter Ego Superman loose-fit graphic T-shirt Size M

Brand: Under Armour
Department: Men's Tops
Category: Athletic Graphic T-Shirt
Size: M
Color: Navy blue with red, yellow, and gray
Pattern: Superman shield graphic
Condition: Good pre-owned with graphic wear; final inspection required

SKU A1-MD-0029 — EHC secondhand apparel.
Smoke-free handling. Ships fast and folded with care.",Unlisted,Poshmark / eBay
St. John's Bay purple embroidered crinkle cotton peasant blouse Size L,A1-MD-0030,St. John's Bay,L,"Deep purple / plum with pink, white, and yellow embroidery",Pre-owned,Peasant Blouse,Women's Tops,9,1,"St. John's Bay purple embroidered crinkle cotton peasant blouse Size L

Brand: St. John's Bay
Department: Women's Tops
Category: Peasant Blouse
Size: L
Color: Deep purple / plum with pink, white, and yellow embroidery
Pattern: Floral embroidery
Condition: Good pre-owned; final inspection required

SKU A1-MD-0030 — EHC secondhand apparel.
Smoke-free handling. Ships fast and folded with care.",Unlisted,Poshmark / eBay
Adidas AEROREADY charcoal gray 3-Stripes short-sleeve athletic shirt Size M,A1-MD-0032,Adidas,M,Heather charcoal gray with white stripes and black logo,Pre-owned,Athletic T-Shirt,Men's Tops,13,1,"Adidas AEROREADY charcoal gray 3-Stripes short-sleeve athletic shirt Size M

Brand: Adidas
Department: Men's Tops
Category: Athletic T-Shirt
Size: M
Color: Heather charcoal gray with white stripes and black logo
Pattern: Heathered solid with 3-Stripes
Condition: Good pre-owned; final inspection required

SKU A1-MD-0032 — EHC secondhand apparel.
Smoke-free handling. Ships fast and folded with care.",Unlisted,Poshmark / eBay
Royal blue solid short-sleeve polo shirt,A2-MD-0034,,,Royal blue / cobalt blue,Pre-owned,Polo Shirt,Not Confirmed,8,1,"Royal blue solid short-sleeve polo shirt

Brand: See photos — brand tag verification pending
Department: Not Confirmed
Category: Polo Shirt
Size: See measurements in photos
Color: Royal blue / cobalt blue
Pattern: Solid
Condition: Pre-owned; final inspection required

SKU A2-MD-0034 — EHC secondhand apparel.
Smoke-free handling. Ships fast and folded with care.",Needs Review,Poshmark / eBay
Lands' End black elastic-waist straight-leg casual pants Size 42 Regular,A2-MD-0035,Lands' End,42 Regular,Black,Pre-owned,Casual Pants / Chinos,Men's Bottoms,18,1,"Lands' End black elastic-waist straight-leg casual pants Size 42 Regular

Brand: Lands' End
Department: Men's Bottoms
Category: Casual Pants / Chinos
Size: 42 Regular
Color: Black
Pattern: Solid
Condition: Good pre-owned; final inspection required

SKU A2-MD-0035 — EHC secondhand apparel.
Smoke-free handling. Ships fast and folded with care.",Unlisted,Poshmark / eBay
St. John's Bay pale yellow interlock polo with navy stripe trim Size S/P,A2-MD-0036,St. John's Bay,S/P,Pale yellow / butter yellow,Pre-owned,Polo Shirt,Men's Tops,8,1,"St. John's Bay pale yellow interlock polo with navy stripe trim Size S/P

Brand: St. John's Bay
Department: Men's Tops
Category: Polo Shirt
Size: S/P
Color: Pale yellow / butter yellow
Pattern: Solid with striped trim
Condition: Pre-owned; needs final inspection

SKU A2-MD-0036 — EHC secondhand apparel.
Smoke-free handling. Ships fast and folded with care.",Unlisted,Poshmark / eBay
Brooks Brothers 346 olive green cotton chino pants Size W40/L30,A2-MD-0037,Brooks Brothers 346,W40/L30,Olive green,Pre-owned,Chino Pants / Casual Pants,Men's Bottoms,22,1,"Brooks Brothers 346 olive green cotton chino pants Size W40/L30

Brand: Brooks Brothers 346
Department: Men's Bottoms
Category: Chino Pants / Casual Pants
Size: W40/L30
Color: Olive green
Pattern: Solid
Condition: Good pre-owned; final inspection required

SKU A2-MD-0037 — EHC secondhand apparel.
Smoke-free handling. Ships fast and folded with care.",Unlisted,Poshmark / eBay
Columbia Sportswear Company Columbia KM5080 black burgundy colorblock nylon,A2-MD-0038,Columbia Sportswear Company,Men's M,Black / burgundy / maroon,Pre-owned,Windbreaker Jacket / Lightweight Outerwear,Men's Tops,28,1,"Columbia Sportswear Company Columbia KM5080 black burgundy colorblock nylon

Brand: Columbia Sportswear Company
Department: Men's Tops
Category: Windbreaker Jacket / Lightweight Outerwear
Size: Men's M
Color: Black / burgundy / maroon
Pattern: Colorblock
Condition: Good pre-owned; final inspection required

SKU A2-MD-0038 — EHC secondhand apparel.
Smoke-free handling. Ships fast and folded with care.",Unlisted,Poshmark / eBay
Space Exploration Technologies Corp. label SpaceX lavender-gray organic cotton,A2-MD-0039,Space Exploration Technologies Corp. label,L,Lavender-gray / light purple,Pre-owned,Full-Zip Hoodie / Sweatshirt,Not Confirmed,35,1,"Space Exploration Technologies Corp. label SpaceX lavender-gray organic cotton

Brand: Space Exploration Technologies Corp. label
Department: Not Confirmed
Category: Full-Zip Hoodie / Sweatshirt
Size: L
Color: Lavender-gray / light purple
Pattern: Solid
Condition: Pre-owned; needs final inspection and authenticity review

SKU A2-MD-0039 — EHC secondhand apparel.
Smoke-free handling. Ships fast and folded with care.",Needs Review,Poshmark / eBay
American Eagle Outfitters American Eagle white stretch five-pocket jeans Size,A2-MD-0040,American Eagle Outfitters,Approx. 31x27.5,White / ivory,Pre-owned,Women's Jeans / Denim Pants,Women's Bottoms,16,1,"American Eagle Outfitters American Eagle white stretch five-pocket jeans Size

Brand: American Eagle Outfitters
Department: Women's Bottoms
Category: Women's Jeans / Denim Pants
Size: Approx. 31x27.5
Color: White / ivory
Pattern: Solid
Condition: Fair pre-owned; visible marks and wear

SKU A2-MD-0040 — EHC secondhand apparel.
Smoke-free handling. Ships fast and folded with care.",Unlisted,Poshmark / eBay
Mondetta Performance + Luxury black straight-leg stretch pants Size M,A2-MD-0042,Mondetta,M,Black / charcoal,Pre-owned,Women's Active Pants / Pull-On Straight-Leg Pants,Women's Bottoms,16,1,"Mondetta Performance + Luxury black straight-leg stretch pants Size M

Brand: Mondetta
Department: Women's Bottoms
Category: Women's Active Pants / Pull-On Straight-Leg Pants
Size: M
Color: Black / charcoal
Pattern: Solid
Condition: Pre-owned; final inspection required

SKU A2-MD-0042 — EHC secondhand apparel.
Smoke-free handling. Ships fast and folded with care.",Needs Review,Poshmark / eBay
Nike Sphere charcoal gray textured mesh V-neck performance shirt Size M,A2-MD-0043,Nike Sphere,M,Charcoal gray / dark gray,Pre-owned,Athletic Performance T-Shirt,Men's Tops,20,1,"Nike Sphere charcoal gray textured mesh V-neck performance shirt Size M

Brand: Nike Sphere
Department: Men's Tops
Category: Athletic Performance T-Shirt
Size: M
Color: Charcoal gray / dark gray
Pattern: Solid textured mesh
Condition: Good pre-owned; final inspection required

SKU A2-MD-0043 — EHC secondhand apparel.
Smoke-free handling. Ships fast and folded with care.",Unlisted,Poshmark / eBay
Levi's faded black denim trucker jacket Size Approx. 18x19,A2-MD-0044,Levi's,Approx. 18x19,Faded black / charcoal gray,Pre-owned,Denim Trucker Jacket / Jean Jacket,Other,29.95,1,"Levi's faded black denim trucker jacket Size Approx. 18x19

Brand: Levi's
Department: Other
Category: Denim Trucker Jacket / Jean Jacket
Size: Approx. 18x19
Color: Faded black / charcoal gray
Pattern: Solid
Condition: Good pre-owned; visible fading and final inspection required

SKU A2-MD-0044 — EHC secondhand apparel.
Smoke-free handling. Ships fast and folded with care.",Needs Review,Poshmark / eBay
Lauren Ralph Lauren navy double-breasted gold-button blazer Size 20W,A2-MD-0045,Lauren Ralph Lauren,20W,Navy blue,Pre-owned,Women's Blazer / Sport Coat,Other,30,1,"Lauren Ralph Lauren navy double-breasted gold-button blazer Size 20W

Brand: Lauren Ralph Lauren
Department: Other
Category: Women's Blazer / Sport Coat
Size: 20W
Color: Navy blue
Pattern: Solid
Condition: Pre-owned; needs lint removal and final inspection

SKU A2-MD-0045 — EHC secondhand apparel.
Smoke-free handling. Ships fast and folded with care.",Needs Review,Poshmark / eBay
Brooks Brothers orange cotton quarter-zip pullover with striped trim Size S,A2-MD-0046,Brooks Brothers,S,Burnt orange / coral with navy and teal accents,Pre-owned,Quarter-Zip Pullover / Sweatshirt,Men's Tops,28,1,"Brooks Brothers orange cotton quarter-zip pullover with striped trim Size S

Brand: Brooks Brothers
Department: Men's Tops
Category: Quarter-Zip Pullover / Sweatshirt
Size: S
Color: Burnt orange / coral with navy and teal accents
Pattern: Solid with striped trim
Condition: Good pre-owned; final inspection required

SKU A2-MD-0046 — EHC secondhand apparel.
Smoke-free handling. Ships fast and folded with care.",Poshmark Listed / eBay Pending,Poshmark
KUT from the Kloth Catherine Boyfriend dark green velveteen pants Size 14,A2-MD-0047,KUT from the Kloth,14,Very dark green / black-green,Pre-owned,Women's Boyfriend Pants / Velveteen Jeans,Women's Bottoms,24,1,"KUT from the Kloth Catherine Boyfriend dark green velveteen pants Size 14

Brand: KUT from the Kloth
Department: Women's Bottoms
Category: Women's Boyfriend Pants / Velveteen Jeans
Size: 14
Color: Very dark green / black-green
Pattern: Solid
Condition: Good pre-owned; final inspection required

SKU A2-MD-0047 — EHC secondhand apparel.
Smoke-free handling. Ships fast and folded with care.",Needs Review,Poshmark / eBay
Nautica white sailing windbreaker jacket with black stripe Size XL,A2-MD-0048,Nautica,XL,White / ivory with black accents,Pre-owned,Men's Windbreaker Jacket / Lightweight Outerwear,Men's Tops,34,1,"Nautica white sailing windbreaker jacket with black stripe Size XL

Brand: Nautica
Department: Men's Tops
Category: Men's Windbreaker Jacket / Lightweight Outerwear
Size: XL
Color: White / ivory with black accents
Pattern: Colorblock / striped
Condition: Pre-owned; cleaning and final inspection required

SKU A2-MD-0048 — EHC secondhand apparel.
Smoke-free handling. Ships fast and folded with care.",Poshmark Listed / eBay Pending,Poshmark
Fabletics men's black utility performance jogger pants Size L,A2-MD-0050,Fabletics,L,Black with turquoise accents,Pre-owned,Men's Athletic Jogger / Utility Cargo Pants,Men's Bottoms,23,1,"Fabletics men's black utility performance jogger pants Size L

Brand: Fabletics
Department: Men's Bottoms
Category: Men's Athletic Jogger / Utility Cargo Pants
Size: L
Color: Black with turquoise accents
Pattern: Solid
Condition: Good pre-owned; final inspection required

SKU A2-MD-0050 — EHC secondhand apparel.
Smoke-free handling. Ships fast and folded with care.",Poshmark Listed / eBay Pending,Poshmark
Wrangler Western Shirts teal navy plaid long-sleeve button-up shirt Size M/M,A4-MD-0051,Wrangler Western Shirts,M/M,"Teal, navy, white and gray",Pre-owned,Men's Plaid Button-Up Shirt,Men's Tops,13,1,"Wrangler Western Shirts teal navy plaid long-sleeve button-up shirt Size M/M

Brand: Wrangler Western Shirts
Department: Men's Tops
Category: Men's Plaid Button-Up Shirt
Size: M/M
Color: Teal, navy, white and gray
Pattern: Plaid
Condition: Pre-owned; final inspection required

SKU A4-MD-0051 — EHC secondhand apparel.
Smoke-free handling. Ships fast and folded with care.",Unlisted / Needs Review,Poshmark / eBay / Mercari
Woolrich Rugged Outdoorwear burgundy cotton button-up shirt Size XL,A4-MD-0052,Woolrich Rugged Outdoorwear,XL,Burgundy / faded red,Pre-owned,Men's Cotton Button-Up Shirt,Men's Tops,24,1,"Woolrich Rugged Outdoorwear burgundy cotton button-up shirt Size XL

Brand: Woolrich Rugged Outdoorwear
Department: Men's Tops
Category: Men's Cotton Button-Up Shirt
Size: XL
Color: Burgundy / faded red
Pattern: Solid
Condition: Pre-owned; visible fading and possible lower-front flaw

SKU A4-MD-0052 — EHC secondhand apparel.
Smoke-free handling. Ships fast and folded with care.",Unlisted / Needs Review,Poshmark / eBay / Mercari
Field & Stream 1871 plaid lined shirt jacket,A4-MD-0053,Field & Stream 1871,,"Cream, gray and dark navy/blue",Pre-owned,Plaid Lined Shirt Jacket,Men's Tops,15,1,"Field & Stream 1871 plaid lined shirt jacket

Brand: Field & Stream 1871
Department: Men's Tops
Category: Plaid Lined Shirt Jacket
Size: See measurements in photos
Color: Cream, gray and dark navy/blue
Pattern: Plaid
Condition: Pre-owned; light wear visible; final inspection required

SKU A4-MD-0053 — EHC secondhand apparel.
Smoke-free handling. Ships fast and folded with care.",Unlisted / Needs Review,Poshmark / eBay / Mercari
Brooks Brothers 346 slim-fit non-iron cotton plaid shirt,A4-MD-0054,Brooks Brothers 346,,Light gray / white plaid,Pre-owned,Plaid Button-Up Shirt,Not Confirmed,22,1,"Brooks Brothers 346 slim-fit non-iron cotton plaid shirt

Brand: Brooks Brothers 346
Department: Not Confirmed
Category: Plaid Button-Up Shirt
Size: See measurements in photos
Color: Light gray / white plaid
Pattern: Plaid
Condition: Pre-owned; see photos

SKU A4-MD-0054 — EHC secondhand apparel.
Smoke-free handling. Ships fast and folded with care.",Unlisted / Needs Review,Poshmark / eBay / Mercari
DKNY gray blue micro-geometric button-up shirt Size M,A4-MD-0055,DKNY,M,Gray with blue and white accents,Pre-owned,Patterned Button-Up Shirt,Men's Tops,10,1,"DKNY gray blue micro-geometric button-up shirt Size M

Brand: DKNY
Department: Men's Tops
Category: Patterned Button-Up Shirt
Size: M
Color: Gray with blue and white accents
Pattern: Micro-geometric
Condition: Pre-owned; see photos

SKU A4-MD-0055 — EHC secondhand apparel.
Smoke-free handling. Ships fast and folded with care.",Unlisted / Needs Review,Poshmark / eBay / Mercari
Eddie Bauer orange cream plaid button-up shirt Size L,A4-MD-0056,Eddie Bauer,L,"Rust orange, cream, olive and dark gray",Pre-owned,Men's Plaid Button-Up Shirt,Men's Tops,16,1,"Eddie Bauer orange cream plaid button-up shirt Size L

Brand: Eddie Bauer
Department: Men's Tops
Category: Men's Plaid Button-Up Shirt
Size: L
Color: Rust orange, cream, olive and dark gray
Pattern: Plaid
Condition: Pre-owned; see photos

SKU A4-MD-0056 — EHC secondhand apparel.
Smoke-free handling. Ships fast and folded with care.",Unlisted / Needs Review,Poshmark / eBay / Mercari
Superman / DC Comics licensed Licensed Superman DC Comics distressed shield,A4-MD-0057,Superman / DC Comics licensed,M,Navy blue with red and yellow graphic,Pre-owned,Graphic T-Shirt,Men's Tops,16,1,"Superman / DC Comics licensed Licensed Superman DC Comics distressed shield

Brand: Superman / DC Comics licensed
Department: Men's Tops
Category: Graphic T-Shirt
Size: M
Color: Navy blue with red and yellow graphic
Pattern: Distressed Superman shield graphic
Condition: Pre-owned; full inspection required

SKU A4-MD-0057 — EHC secondhand apparel.
Smoke-free handling. Ships fast and folded with care.",Unlisted / Needs Review,Poshmark / eBay / Mercari
Roundtree & Yorke Luxury Collection striped non-iron button-down shirt Size S,A4-MD-0058,Roundtree & Yorke,S,"White, navy, gray and beige",Pre-owned,Men's Button-Down Shirt,Men's Tops,10,1,"Roundtree & Yorke Luxury Collection striped non-iron button-down shirt Size S

Brand: Roundtree & Yorke
Department: Men's Tops
Category: Men's Button-Down Shirt
Size: S
Color: White, navy, gray and beige
Pattern: Vertical stripes
Condition: Pre-owned; see photos

SKU A4-MD-0058 — EHC secondhand apparel.
Smoke-free handling. Ships fast and folded with care.",Unlisted / Needs Review,Poshmark / eBay / Mercari
Under Armour women's gray short-sleeve athletic blouse/top,A4-MD-0059,Under Armour,,Heather gray,Pre-owned,Women's Athletic Top / Blouse,Women's Tops,12,1,"Under Armour women's gray short-sleeve athletic blouse/top

Brand: Under Armour
Department: Women's Tops
Category: Women's Athletic Top / Blouse
Size: See measurements in photos
Color: Heather gray
Pattern: Heathered solid
Condition: Pre-owned or store-tagged; full inspection required

SKU A4-MD-0059 — EHC secondhand apparel.
Smoke-free handling. Ships fast and folded with care.",Unlisted / Needs Review,Poshmark / eBay / Mercari
Nike Athletics red short-sleeve graphic T-shirt Size XL,A4-MD-0060,Nike,XL,Red,Pre-owned,Graphic T-Shirt,Men's Tops,,1,"Nike Athletics red short-sleeve graphic T-shirt Size XL

Brand: Nike
Department: Men's Tops
Category: Graphic T-Shirt
Size: XL
Color: Red
Pattern: Solid
Condition: Pre-owned; visible fading and possible small dark marks

SKU A4-MD-0060 — EHC secondhand apparel.
Smoke-free handling. Ships fast and folded with care.",Unlisted / Needs Review,Poshmark / eBay / Mercari
Grey's Anatomy by Barco royal blue snap-front scrub jacket Size M,A4-MD-0061,Grey's Anatomy by Barco,M,Royal blue,Pre-owned,Scrub Jacket / Warm-Up Jacket,Women's Workwear / Scrubs,14,1,"Grey's Anatomy by Barco royal blue snap-front scrub jacket Size M

Brand: Grey's Anatomy by Barco
Department: Women's Workwear / Scrubs
Category: Scrub Jacket / Warm-Up Jacket
Size: M
Color: Royal blue
Pattern: Solid
Condition: Pre-owned; visible lint; final inspection required

SKU A4-MD-0061 — EHC secondhand apparel.
Smoke-free handling. Ships fast and folded with care.",Unlisted / Needs Review,Poshmark / eBay / Mercari
Nike cream sherpa fleece — label attachment must be verified,A4-MD-0062,Nike (unconfirmed),,Cream,Pre-owned,Sherpa Fleece Jacket / Outerwear,Not Confirmed,30,1,"Nike cream sherpa fleece — label attachment must be verified

Brand: Nike (unconfirmed)
Department: Not Confirmed
Category: Sherpa Fleece Jacket / Outerwear
Size: See measurements in photos
Color: Cream
Condition: Purchased; final inspection required

SKU A4-MD-0062 — EHC secondhand apparel.
Smoke-free handling. Ships fast and folded with care.",Unlisted / Needs Review,Poshmark / eBay / Mercari
GAP black utility/tech jacket,A4-MD-0063,GAP,,Black,Pre-owned,Utility / Tech Jacket,Not Confirmed,30,1,"GAP black utility/tech jacket

Brand: GAP
Department: Not Confirmed
Category: Utility / Tech Jacket
Size: See measurements in photos
Color: Black
Condition: Purchased; final inspection required

SKU A4-MD-0063 — EHC secondhand apparel.
Smoke-free handling. Ships fast and folded with care.",Unlisted / Needs Review,Poshmark / eBay / Mercari
Navy multicolor floral wrap romper / jumpsuit,A4-MD-0064,,M (tag appears; verify),"Navy with pink, red, blue and white",Pre-owned,Women's Romper / Jumpsuit,Women's One-Piece / Dresses,18,1,"Navy multicolor floral wrap romper / jumpsuit

Brand: See photos — brand tag verification pending
Department: Women's One-Piece / Dresses
Category: Women's Romper / Jumpsuit
Size: M (tag appears; verify)
Color: Navy with pink, red, blue and white
Pattern: Floral
Condition: Pre-owned; final inspection and exact brand verification required

SKU A4-MD-0064 — EHC secondhand apparel.
Smoke-free handling. Ships fast and folded with care.",Unlisted / Needs Review,Poshmark / eBay / Mercari
Levi's white denim jeans,A4-MD-0065,Levi's,31 x 30 (verify tag),White / ivory,Pre-owned,Jeans / Denim Pants,Not Confirmed,22,1,"Levi's white denim jeans

Brand: Levi's
Department: Not Confirmed
Category: Jeans / Denim Pants
Size: 31 x 30 (verify tag)
Color: White / ivory
Pattern: Solid
Condition: Pre-owned; final inspection and department verification required

SKU A4-MD-0065 — EHC secondhand apparel.
Smoke-free handling. Ships fast and folded with care.",Unlisted / Needs Review,Poshmark / eBay / Mercari
Art Class red floral smocked long-sleeve top Size XL 14/16,A4-MD-0066,Art Class,XL 14/16,"Red with white, yellow and blue",Pre-owned,Kids Smocked Blouse / Top,Girls' Tops,12,1,"Art Class red floral smocked long-sleeve top Size XL 14/16

Brand: Art Class
Department: Girls' Tops
Category: Kids Smocked Blouse / Top
Size: XL 14/16
Color: Red with white, yellow and blue
Pattern: Ditsy floral
Condition: Pre-owned; final inspection required

SKU A4-MD-0066 — EHC secondhand apparel.
Smoke-free handling. Ships fast and folded with care.",Unlisted / Needs Review,Poshmark / eBay / Mercari
Xhilaration navy striped lace-sleeve blouse Size S/P,A4-MD-0067,Xhilaration,S/P,Navy and white,Pre-owned,Women's Blouse / Long-Sleeve Top,Women's Tops,10,1,"Xhilaration navy striped lace-sleeve blouse Size S/P

Brand: Xhilaration
Department: Women's Tops
Category: Women's Blouse / Long-Sleeve Top
Size: S/P
Color: Navy and white
Pattern: Horizontal stripes with lace sleeves
Condition: Pre-owned; final inspection required

SKU A4-MD-0067 — EHC secondhand apparel.
Smoke-free handling. Ships fast and folded with care.",Unlisted / Needs Review,Poshmark / eBay / Mercari
American Eagle gray heather long-sleeve crewneck shirt Size M,A4-MD-0068,American Eagle,M,Heather gray,Pre-owned,Long-Sleeve T-Shirt / Casual Top,Men's Tops,13,1,"American Eagle gray heather long-sleeve crewneck shirt Size M

Brand: American Eagle
Department: Men's Tops
Category: Long-Sleeve T-Shirt / Casual Top
Size: M
Color: Heather gray
Pattern: Heathered solid
Condition: Pre-owned; final inspection required

SKU A4-MD-0068 — EHC secondhand apparel.
Smoke-free handling. Ships fast and folded with care.",Unlisted / Needs Review,Poshmark / eBay / Mercari
Old Navy red eyelet lace long-sleeve blouse Size L,A4-MD-0069,Old Navy,L,Red / coral,Pre-owned,Women's Eyelet Blouse / Top,Women's Tops,14,1,"Old Navy red eyelet lace long-sleeve blouse Size L

Brand: Old Navy
Department: Women's Tops
Category: Women's Eyelet Blouse / Top
Size: L
Color: Red / coral
Pattern: Eyelet floral lace
Condition: Pre-owned; final inspection required

SKU A4-MD-0069 — EHC secondhand apparel.
Smoke-free handling. Ships fast and folded with care.",Unlisted / Needs Review,Poshmark / eBay / Mercari
Sonoma gray striped open-front cardigan Size S,A4-MD-0070,Sonoma,S,Gray and white,Pre-owned,Women's Cardigan Sweater,Women's Tops,14,1,"Sonoma gray striped open-front cardigan Size S

Brand: Sonoma
Department: Women's Tops
Category: Women's Cardigan Sweater
Size: S
Color: Gray and white
Pattern: Horizontal stripes
Condition: Pre-owned; final inspection required

SKU A4-MD-0070 — EHC secondhand apparel.
Smoke-free handling. Ships fast and folded with care.",Unlisted / Needs Review,Poshmark / eBay / Mercari
Calvin Klein Performance black long-sleeve turtleneck top Size L,A4-MD-0071,Calvin Klein Performance,L,Black,Pre-owned,Women's Athletic Turtleneck / Base Layer,Women's Tops,18,1,"Calvin Klein Performance black long-sleeve turtleneck top Size L

Brand: Calvin Klein Performance
Department: Women's Tops
Category: Women's Athletic Turtleneck / Base Layer
Size: L
Color: Black
Pattern: Solid
Condition: Pre-owned; final inspection required

SKU A4-MD-0071 — EHC secondhand apparel.
Smoke-free handling. Ships fast and folded with care.",Unlisted / Needs Review,Poshmark / eBay / Mercari
Mossimo Supply Co. Mossimo Supply Co black white striped short-sleeve knit,A4-MD-0072,Mossimo Supply Co.,S,Black and white,Pre-owned,Women's Casual Knit Dress / Tunic,Women's Dresses,12,1,"Mossimo Supply Co. Mossimo Supply Co black white striped short-sleeve knit

Brand: Mossimo Supply Co.
Department: Women's Dresses
Category: Women's Casual Knit Dress / Tunic
Size: S
Color: Black and white
Pattern: Horizontal stripes
Condition: Pre-owned; final inspection required

SKU A4-MD-0072 — EHC secondhand apparel.
Smoke-free handling. Ships fast and folded with care.",Unlisted / Needs Review,Poshmark / eBay / Mercari
American Eagle tan stretch skinny pants / chinos,A4-MD-0073,American Eagle,6 (verify tag),Tan / khaki,Pre-owned,Women's Casual Pants / Chinos,Women's Bottoms,16,1,"American Eagle tan stretch skinny pants / chinos

Brand: American Eagle
Department: Women's Bottoms
Category: Women's Casual Pants / Chinos
Size: 6 (verify tag)
Color: Tan / khaki
Pattern: Solid
Condition: Pre-owned; final inspection required

SKU A4-MD-0073 — EHC secondhand apparel.
Smoke-free handling. Ships fast and folded with care.",Unlisted / Needs Review,Poshmark / eBay / Mercari
Lucky Brand white gray raglan long-sleeve top Size M,A4-MD-0074,Lucky Brand,M,White and heather gray,Pre-owned,Women's Long-Sleeve Casual Top,Women's Tops,14,1,"Lucky Brand white gray raglan long-sleeve top Size M

Brand: Lucky Brand
Department: Women's Tops
Category: Women's Long-Sleeve Casual Top
Size: M
Color: White and heather gray
Pattern: Colorblock / raglan
Condition: Pre-owned; final inspection required

SKU A4-MD-0074 — EHC secondhand apparel.
Smoke-free handling. Ships fast and folded with care.",Unlisted / Needs Review,Poshmark / eBay / Mercari
White textured eyelash open-front cardigan Size S,A4-MD-0075,Not confirmed (label appears Vialace),S,White / ivory,Pre-owned,Women's Open-Front Cardigan / Kimono,Women's Tops,15,1,"White textured eyelash open-front cardigan Size S

Brand: Not confirmed (label appears Vialace)
Department: Women's Tops
Category: Women's Open-Front Cardigan / Kimono
Size: S
Color: White / ivory
Pattern: Textured eyelash / fringe
Condition: Pre-owned; exact brand and final condition inspection required

SKU A4-MD-0075 — EHC secondhand apparel.
Smoke-free handling. Ships fast and folded with care.",Unlisted / Needs Review,Poshmark / eBay / Mercari
Focus 2000 Collection gray pinstripe dress pants Size 6,A4-MD-0076,Focus 2000 Collection,6,Gray,Pre-owned,Women's Dress Pants / Trousers,Women's Bottoms,14,1,"Focus 2000 Collection gray pinstripe dress pants Size 6

Brand: Focus 2000 Collection
Department: Women's Bottoms
Category: Women's Dress Pants / Trousers
Size: 6
Color: Gray
Pattern: Pinstripe
Condition: Pre-owned; final inspection required

SKU A4-MD-0076 — EHC secondhand apparel.
Smoke-free handling. Ships fast and folded with care.",Unlisted / Needs Review,Poshmark / eBay / Mercari
Perceptions New York black white abstract print dress Size 6,A4-MD-0077,Perceptions New York,6,Black and white,Pre-owned,Women's Printed Dress,Women's Dresses,18,1,"Perceptions New York black white abstract print dress Size 6

Brand: Perceptions New York
Department: Women's Dresses
Category: Women's Printed Dress
Size: 6
Color: Black and white
Pattern: Abstract geometric
Condition: Pre-owned; final inspection required

SKU A4-MD-0077 — EHC secondhand apparel.
Smoke-free handling. Ships fast and folded with care.",Unlisted / Needs Review,Poshmark / eBay / Mercari
Dark indigo denim long-sleeve button-up shirt,A4-MD-0078,,,Dark indigo blue,Pre-owned,Denim Button-Up Shirt,Not Confirmed,18,1,"Dark indigo denim long-sleeve button-up shirt

Brand: See photos — brand tag verification pending
Department: Not Confirmed
Category: Denim Button-Up Shirt
Size: See measurements in photos
Color: Dark indigo blue
Pattern: Solid denim
Condition: Pre-owned; brand, size, department and final condition verification required

SKU A4-MD-0078 — EHC secondhand apparel.
Smoke-free handling. Ships fast and folded with care.",Unlisted / Needs Review,Poshmark / eBay / Mercari
Black gray striped long-sleeve tunic top,A4-MD-0079,Not confirmed (label appears Aviva),M (verify tag),Black and charcoal gray,Pre-owned,Women's Long-Sleeve Tunic / Top,Women's Tops,12,1,"Black gray striped long-sleeve tunic top

Brand: Not confirmed (label appears Aviva)
Department: Women's Tops
Category: Women's Long-Sleeve Tunic / Top
Size: M (verify tag)
Color: Black and charcoal gray
Pattern: Horizontal stripes
Condition: Pre-owned; exact brand, garment type and final inspection required

SKU A4-MD-0079 — EHC secondhand apparel.
Smoke-free handling. Ships fast and folded with care.",Unlisted / Needs Review,Poshmark / eBay / Mercari
Worthington red paisley sleeveless blouse Size M,A4-MD-0080,Worthington,M,Red with black and white,Pre-owned,Women's Sleeveless Blouse,Women's Tops,13,1,"Worthington red paisley sleeveless blouse Size M

Brand: Worthington
Department: Women's Tops
Category: Women's Sleeveless Blouse
Size: M
Color: Red with black and white
Pattern: Paisley
Condition: Pre-owned; final inspection required

SKU A4-MD-0080 — EHC secondhand apparel.
Smoke-free handling. Ships fast and folded with care.",Unlisted / Needs Review,Poshmark / eBay / Mercari
Apt. 9 gold paisley pull-on skirt,A4-MD-0081,Apt. 9,L (verify tag),"Gold, brown and black",Pre-owned,Women's Printed Skirt,Women's Bottoms,14,1,"Apt. 9 gold paisley pull-on skirt

Brand: Apt. 9
Department: Women's Bottoms
Category: Women's Printed Skirt
Size: L (verify tag)
Color: Gold, brown and black
Pattern: Paisley
Condition: Pre-owned; garment type, size and final inspection required

SKU A4-MD-0081 — EHC secondhand apparel.
Smoke-free handling. Ships fast and folded with care.",Unlisted / Needs Review,Poshmark / eBay / Mercari
Alex Evenings burgundy glitter long-sleeve blouse Size S,A4-MD-0082,Alex Evenings,S,Burgundy / wine,Pre-owned,Women's Evening Blouse / Formal Top,Women's Tops,24,1,"Alex Evenings burgundy glitter long-sleeve blouse Size S

Brand: Alex Evenings
Department: Women's Tops
Category: Women's Evening Blouse / Formal Top
Size: S
Color: Burgundy / wine
Pattern: Glitter / metallic textured solid
Condition: Pre-owned; final inspection required

SKU A4-MD-0082 — EHC secondhand apparel.
Smoke-free handling. Ships fast and folded with care.",Unlisted / Needs Review,Poshmark / eBay / Mercari
Worthington teal pleated sleeveless V-neck blouse,A4-MD-0083,Worthington,,Teal / turquoise,Pre-owned,Women's Sleeveless Blouse,Women's Tops,12,1,"Worthington teal pleated sleeveless V-neck blouse

Brand: Worthington
Department: Women's Tops
Category: Women's Sleeveless Blouse
Size: See measurements in photos
Color: Teal / turquoise
Pattern: Solid with pleated front
Condition: Pre-owned; size and final inspection required

SKU A4-MD-0083 — EHC secondhand apparel.
Smoke-free handling. Ships fast and folded with care.",Unlisted / Needs Review,Poshmark / eBay / Mercari
Visconti made in Italy black blazer,A5-MD-0084,Visconti,,Black / very dark navy,Pre-owned,Men's Blazer / Sport Coat,Men's Jackets & Coats,30,1,"Visconti made in Italy black blazer

Brand: Visconti
Department: Men's Jackets & Coats
Category: Men's Blazer / Sport Coat
Size: See measurements in photos
Color: Black / very dark navy
Pattern: Solid
Condition: Pre-owned; visible lint/wrinkles; final inspection required

SKU A5-MD-0084 — EHC secondhand apparel.
Smoke-free handling. Ships fast and folded with care.",Unlisted / Needs Review,Poshmark / eBay / Mercari
Port Authority black gray colorblock full-zip windbreaker jacket Size XL,A5-MD-0085,Port Authority,XL,Black / light gray,Pre-owned,Men's Windbreaker Jacket / Lightweight Outerwear,Men's Jackets & Coats,18,1,"Port Authority black gray colorblock full-zip windbreaker jacket Size XL

Brand: Port Authority
Department: Men's Jackets & Coats
Category: Men's Windbreaker Jacket / Lightweight Outerwear
Size: XL
Color: Black / light gray
Pattern: Colorblock
Condition: Pre-owned; visible small front mark/flaw and final inspection required

SKU A5-MD-0085 — EHC secondhand apparel.
Smoke-free handling. Ships fast and folded with care.",Unlisted / Needs Review,Poshmark / eBay / Mercari
