#INFO,Version=0.0.2,Template= eBay-draft-listings-template_US,,,,,,,,
#INFO Action and Category ID are required fields. 1) Set Action to Draft 2) Please find the category ID for your listing here: https://pages.ebay.com/sellerinformation/news/categorychanges.html,,,,,,,,,,
"#INFO After you've successfully uploaded your draft from the Seller Hub Reports page, complete your drafts to active listings here: https://www.ebay.com/sh/lst/drafts",,,,,,,,,,
Action(SiteID=US|Country=US|Currency=USD|Version=1193|CC=UTF-8),Custom label (SKU),Category ID,Title,UPC,Price,Quantity,Item photo URL,Condition ID,Description,Format
Draft,A1-MD-0001,15689,Nike Athletic Shorts Performance Activewear,,12.00,1,,USED_EXCELLENT,"Nike athletic shorts. Size, color, material, exact features, and condition are not yet confirmed; verify the item and measurements before publishing.<br><ul><li>Brand: Nike</li></ul><br><p>Sourced and inspected by EHC. Ships fast from a smoke-free space.</p>",FixedPrice
Draft,A1-MD-0002,169001,Adidas Womens Black Capri Leggings Large Logo Athletic Activewear,,14.00,1,,USED_EXCELLENT,"Adidas women's black cropped athletic leggings with a wide waistband, small white performance logo near the hip, and oversized dark-gray vertical adidas wordmark down the right leg. Fitted activewear silhouette. Size, material, country, measurements, and complete condition details remain unconfirmed until the remaining item photos are supplied.<br><ul><li>Brand: Adidas</li><li>Color: Black with white and dark-gray logos</li><li>Pattern: Solid with oversized vertical Adidas wordmark</li><li>Style: Wide stretch waistband; capri/cropped length; small white Adidas performance logo near right hip; oversized dark-gray vertical adidas wordmark down right leg; fitted athletic silhouette</li><li>Condition: Pre-owned; full inspection pending</li></ul><br><p>Condition notes: Current front image matches the existing Adidas leggings record. Front appears black with a small white Adidas logo at the hip and a large dark-gray vertical adidas wordmark on the right leg. Back view, size tag, material/care tag, measurements, and complete flaw inspection are still required before final listing and market research.</p><br><p>Sourced and inspected by EHC. Ships fast from a smoke-free space.</p>",FixedPrice
Draft,A1-MD-0003,15689,Columbia Willapa River Men's Outdoor Fishing Shorts,,22.00,1,,USED_EXCELLENT,"Columbia Willapa River outdoor shorts. Size, color, material, exact style details, and condition remain unconfirmed; verify the care and style tags before listing.<br><ul><li>Brand: Columbia</li><li>Style: Willapa River model/name; verify exact style tag</li></ul><br><p>Sourced and inspected by EHC. Ships fast from a smoke-free space.</p>",FixedPrice
Draft,A1-MD-0004,15689,Patagonia Baggies Men's Outdoor Shorts,,35.00,1,,USED_EXCELLENT,"Patagonia Baggies outdoor shorts. Verify size, inseam, liner, material, gender, and condition before publishing the final listing.<br><ul><li>Brand: Patagonia</li><li>Style: Baggies product line; verify inseam and liner</li></ul><br><p>Sourced and inspected by EHC. Ships fast from a smoke-free space.</p>",FixedPrice
Draft,A1-MD-0005,11554,Vintage America Blues Women's Boyfriend Jeans Relaxed Fit,,18.00,1,,USED_EXCELLENT,"Vintage America Blues boyfriend jeans with a relaxed silhouette. Size, wash, rise, material, measurements, and condition must be confirmed before listing.<br><ul><li>Brand: Vintage America Blues</li><li>Style: Boyfriend fit</li></ul><br><p>Sourced and inspected by EHC. Ships fast from a smoke-free space.</p>",FixedPrice
Draft,A1-MD-0006,57988,Forenza Leather Jacket Vintage Outerwear,,30.00,1,,USED_EXCELLENT,"Forenza jacket identified as a leather style. Genuine leather, size, department, lining, measurements, and condition are not confirmed and must be verified before publishing.<br><ul><li>Brand: Forenza</li><li>Style: Leather outerwear; verify genuine leather and construction</li></ul><br><p>Sourced and inspected by EHC. Ships fast from a smoke-free space.</p>",FixedPrice
Draft,A1-MD-0007,15689,New Balance Navy Running Shorts Athletic Activewear,,12.00,1,,USED_EXCELLENT,"New Balance navy running shorts. Verify size, gender, material, liner, pockets, measurements, and condition before publishing.<br><ul><li>Brand: New Balance</li><li>Color: Navy</li><li>Style: Running style; verify liner and pockets</li></ul><br><p>Sourced and inspected by EHC. Ships fast from a smoke-free space.</p>",FixedPrice
Draft,A1-MD-0008,53159,Lauren Ralph Lauren Women's Ribbed Lace-Up 3/4 Sleeve Top M Peach,,15.00,1,,USED_EXCELLENT,"Lauren Ralph Lauren women's size M peach-blush ribbed top with a lace-up split neckline, fitted shape, and three-quarter sleeves. Good pre-owned condition with light wrinkling; inspect for minor marks before listing.<br><ul><li>Brand: Lauren Ralph Lauren</li><li>Size: M</li><li>Color: Peach / Blush Pink</li><li>Pattern: Solid vertical ribbed knit</li><li>Style: Lace-up split neckline; fitted silhouette; three-quarter sleeves; ribbed texture; straight hem</li><li>Condition: Good pre-owned; final inspection required</li></ul><br><p>Condition notes: No obvious holes or tears visible in the supplied front/back images. Light wrinkling and minor surface marks or lint may be present; complete stain and fabric inspection before listing.</p><br><p>Sourced and inspected by EHC. Ships fast from a smoke-free space.</p>",FixedPrice
Draft,A1-MD-0009,185100,Under Armour HeatGear Men's Loose Performance Golf Polo M Teal,,13.00,1,,USED_EXCELLENT,"Under Armour HeatGear men's size M teal heathered performance polo with a loose fit, three-button placket, chest logo, rear-neck logo, and side vents. Good pre-owned condition; inspect for snags, pilling, and collar wear.<br><ul><li>Brand: Under Armour</li><li>Size: M</li><li>Color: Teal / Aqua Green</li><li>Pattern: Heathered</li><li>Style: Short sleeves; collared neckline; three-button placket; loose fit; HeatGear line; black chest logo; black rear-neck logo; side hem vents</li><li>Condition: Good pre-owned; pending final inspection</li></ul><br><p>Condition notes: No obvious holes, tears, or major stains visible in the supplied images. Inspect closely for snags, pulls, pilling, deodorant marks, and collar wear.</p><br><p>Sourced and inspected by EHC. Ships fast from a smoke-free space.</p>",FixedPrice
Draft,A1-MD-0010,57990,Marvel Captain America Men's Button-Up Shirt M All Over Print AS IS,,8.00,1,,USED_ACCEPTABLE,"Licensed Marvel men's size M Captain America all-over-print short-sleeve button-up with chest pocket. Fair damaged condition with a large torn and frayed area near the back-left underarm or side seam plus lower-hem wear; sold as-is.<br><ul><li>Brand: Marvel</li><li>Size: M</li><li>Color: Beige / Tan with red, white, and blue graphics</li><li>Pattern: Captain America shield and Avengers-style emblem all-over print</li><li>Style: Short sleeves; pointed collar; black button-front closure; chest pocket; licensed Marvel character print</li><li>Condition: Fair / Damaged</li></ul><br><p>Condition notes: Visible large tear and heavy fraying on the back-left side near the underarm/side seam, plus visible lower-hem wear or discoloration. Photograph defects closely and disclose them prominently. Newly supplied neck-tag photo confirms Marvel branding, size M, and Made in China.</p><br><p>Sourced and inspected by EHC. Ships fast from a smoke-free space.</p>",FixedPrice
Draft,A1-MD-0011,57990,Dockers Men's Short Sleeve Button-Down Shirt M Navy 100% Cotton,,12.00,1,,USED_EXCELLENT,"Dockers men's size M dark navy short-sleeve button-down shirt in 100% cotton with a button-down collar, gold-tone buttons, chest pocket, and embroidered wing logo. Good pre-owned condition with possible light seam and collar fading.<br><ul><li>Brand: Dockers</li><li>Size: M</li><li>Color: Dark navy</li><li>Material: 100% cotton</li><li>Pattern: Solid</li><li>Style: Short sleeves; button-down collar; gold-tone buttons; chest pocket with embroidered wing logo; curved hem</li><li>Condition: Good pre-owned; final inspection required</li></ul><br><p>Condition notes: Light fading or wear may be present around seams and collar. No obvious holes or major stains visible in supplied images; verify buttons, underarms, collar, and hem before listing.</p><br><p>Sourced and inspected by EHC. Ships fast from a smoke-free space.</p>",FixedPrice
Draft,A1-MD-0012,57990,Stitch Beachwear Men's Hawaiian Shirt L Tropical Tiki Monstera Cotton,,18.00,1,,USED_EXCELLENT,"Stitch Beachwear men's size L 100% cotton tropical button-down shirt with navy, turquoise, and mustard monstera leaves and tiki motifs. Good pre-owned condition; inspect collar, underarms, buttons, and hem.<br><ul><li>Brand: Stitch Beachwear</li><li>Size: L</li><li>Color: Cream / navy blue / turquoise / mustard</li><li>Material: 100% cotton</li><li>Pattern: Tropical monstera leaf and tiki print</li><li>Style: Short sleeves; pointed collar; button-front closure; bold all-over tropical print; curved hem</li><li>Condition: Good pre-owned; final inspection required</li></ul><br><p>Condition notes: No obvious tears or major stains visible in supplied images. Inspect collar, buttons, underarms, side seams, and hem before listing.</p><br><p>Sourced and inspected by EHC. Ships fast from a smoke-free space.</p>",FixedPrice
Draft,A1-MD-0013,185100,Callaway Golf Men's Polo Shirt L White Cotton Logo Stained AS IS,,8.00,1,,USED_GOOD,"Callaway Golf Sport men's size L white 100% combed-cotton polo with sleeve logo, rear-neck chevron, and side vents. Fair condition with visible staining and discoloration near the lower front and back hems; sold as-is.<br><ul><li>Brand: Callaway Golf</li><li>Size: L</li><li>Color: White / off-white</li><li>Material: 100% combed cotton</li><li>Pattern: Solid pique knit</li><li>Style: Short sleeves; two-button placket; embroidered sleeve logo; embroidered back-neck chevron; side hem vents</li><li>Condition: Fair / Stained</li></ul><br><p>Condition notes: Visible discoloration and staining near the lower front hem and lower back hem, plus smaller surface marks. Defects must be photographed and disclosed.</p><br><p>Sourced and inspected by EHC. Ships fast from a smoke-free space.</p>",FixedPrice
Draft,A1-MD-0014,185100,Under Armour HeatGear U Golf Men's Polo XL White Gray Striped,,22.00,1,,USED_EXCELLENT,"Under Armour HeatGear men's size XL loose-fit golf polo with white and light-gray color blocking, horizontal stripes, black UA logo, and embroidered U Golf logo. Good pre-owned condition; verify the team or school identity and inspect for snags.<br><ul><li>Brand: Under Armour</li><li>Size: XL</li><li>Color: White / light gray with green and yellow logo</li><li>Pattern: Color-blocked with horizontal stripes</li><li>Style: Short sleeves; collared neckline; button placket; Loose fit; HeatGear; black UA chest logo; embroidered U Golf logo; striped lower front; solid back</li><li>Condition: Good pre-owned; final inspection required</li></ul><br><p>Condition notes: No obvious holes or major stains visible in supplied images. Verify team or school identity, fabric content, collar wear, snags, and deodorant marks before listing.</p><br><p>Sourced and inspected by EHC. Ships fast from a smoke-free space.</p>",FixedPrice
Draft,A1-MD-0015,57990,Abercrombie & Fitch Men's Super Slim Floral Shirt S Stretch Short Sleeve,,18.00,1,,USED_EXCELLENT,"Abercrombie & Fitch men's size S Super Slim stretch short-sleeve button-up in a dark floral print with red, cream, and muted accents. Good pre-owned condition; inspect buttons, collar, underarms, and fabric.<br><ul><li>Brand: Abercrombie & Fitch</li><li>Size: S</li><li>Color: Dark navy / charcoal with red, cream, and muted floral print</li><li>Pattern: Ditsy floral</li><li>Style: Short sleeves; button-front closure; spread collar; Super Slim fit; stretch construction; curved hem</li><li>Condition: Good pre-owned; final inspection required</li></ul><br><p>Condition notes: No obvious holes or major stains visible in supplied images. Inspect buttons, collar, underarms, side seams, and stretch fabric before listing.</p><br><p>Sourced and inspected by EHC. Ships fast from a smoke-free space.</p>",FixedPrice
Draft,A1-MD-0016,57990,Wrangler Authentic Series 75 Men's Plaid Short Sleeve Shirt,,12.00,1,,USED_EXCELLENT,"Wrangler Authentic Series 75 men's plaid short-sleeve button-down with a pointed collar, chest pocket, and lightweight woven construction. Size, material, and country are unconfirmed; good pre-owned condition with light wear and wrinkling.<br><ul><li>Brand: Wrangler</li><li>Color: Cream / light khaki with muted blue and red</li><li>Pattern: Plaid</li><li>Style: Short sleeves; pointed collar; button-front closure; single chest pocket; Wrangler Authentic Series 75 label; lightweight woven construction</li><li>Condition: Good pre-owned; final inspection required</li></ul><br><p>Condition notes: Visible wrinkling and light general wear. No obvious holes, tears, or major stains visible in the supplied front, back, and label images. Size, fabric content, and country must be verified before listing.</p><br><p>Sourced and inspected by EHC. Ships fast from a smoke-free space.</p>",FixedPrice
Draft,A1-MD-0017,185100,Mercedes by Carol Men's Black Tonal Stripe Polo Shirt L Vintage Style,,12.00,1,,USED_EXCELLENT,"Mercedes by Carol men's size L black polo with subtle tonal vertical stripes, four-button placket, chest pocket, and side vents. Good pre-owned condition with light lint and wear; this is not confirmed as Mercedes-Benz merchandise.<br><ul><li>Brand: Mercedes by Carol</li><li>Size: L</li><li>Color: Black</li><li>Material: 60% cotton / 40% polyester</li><li>Pattern: Solid with subtle tonal vertical stripes</li><li>Style: Short sleeves; collared neckline; four-button placket; single chest pocket; side hem vents; soft knit construction; vintage-style woven label</li><li>Condition: Good pre-owned; final inspection required</li></ul><br><p>Condition notes: Light lint and normal surface wear are visible. No obvious holes, tears, or major stains are visible in the supplied images. This label is not confirmed to be associated with Mercedes-Benz automobiles and must not be marketed as Mercedes-Benz merchandise.</p><br><p>Sourced and inspected by EHC. Ships fast from a smoke-free space.</p>",FixedPrice
Draft,A1-MD-0018,57990,Van Heusen Wrinkle Free Men's Plaid Short Sleeve Button-Down Shirt,,11.00,1,,USED_EXCELLENT,"Van Heusen Wrinkle Free men's cream plaid short-sleeve button-down with blue and red checks, chest pocket, and rear box pleat. Size, exact fabric percentages, and country are unconfirmed; good pre-owned condition with light wear.<br><ul><li>Brand: Van Heusen</li><li>Color: Cream / off-white with blue and red lines</li><li>Material: Cotton / polyester blend; exact percentages not confirmed</li><li>Pattern: Windowpane plaid / check</li><li>Style: Short sleeves; pointed collar; button-front closure; single chest pocket; rear center box pleat; Wrinkle Free line; lightweight woven construction</li><li>Condition: Good pre-owned; final inspection required</li></ul><br><p>Condition notes: Visible wrinkling and light general wear. No obvious holes, tears, or major stains visible in the supplied images. Verify size, fabric percentages, country, buttons, underarms, collar, and hem before listing.</p><br><p>Sourced and inspected by EHC. Ships fast from a smoke-free space.</p>",FixedPrice
Draft,A1-MD-0019,15687,Nautica Men's Nautical Signal Flag Graphic T-Shirt XXL Blue Front Back,,10.00,1,,USED_EXCELLENT,"Nautica men's XXL royal-blue 100% cotton graphic T-shirt with a small signal-flag chest design and large nautical flag artwork on the back. Good pre-owned condition with visible cracking and wear to the graphics and printed neck label.<br><ul><li>Brand: Nautica</li><li>Size: XXL / 2XL</li><li>Color: Royal blue</li><li>Material: 100% cotton</li><li>Pattern: Solid with nautical signal-flag graphics</li><li>Style: Short sleeves; crew neck; small Nautica signal-flags chest graphic; large nautical signal-flags back graphic; tagless printed label; regular fit</li><li>Condition: Good pre-owned with graphic wear; final inspection required</li></ul><br><p>Condition notes: Light cracking and wear are visible in the printed neck label and graphics, with minor surface marks or lint. No obvious holes, tears, or major stains visible in supplied images. Photograph the graphics clearly and inspect underarms and hem before listing.</p><br><p>Sourced and inspected by EHC. Ships fast from a smoke-free space.</p>",FixedPrice
Draft,A1-MD-0020,185100,Daniel Cremieux Signature Men's Polo Shirt L Coral 100% Cotton,,15.00,1,,USED_EXCELLENT,"Daniel Cremieux Signature Collection men's size L coral-salmon polo in 100% cotton with a ribbed collar, two-button placket, and side vents. Good pre-owned condition with light wear and wrinkling.<br><ul><li>Brand: Daniel Cremieux Signature Collection</li><li>Size: L</li><li>Color: Coral / salmon</li><li>Material: 100% cotton</li><li>Pattern: Solid pique knit</li><li>Style: Short sleeves; ribbed polo collar; two-button placket; side hem vents</li><li>Condition: Good pre-owned; final inspection required</li></ul><br><p>Condition notes: Visible wrinkling and light wear. No obvious holes, tears, or major stains visible. Inspect collar, underarms, placket, side vents, and hem before listing.</p><br><p>Sourced and inspected by EHC. Ships fast from a smoke-free space.</p>",FixedPrice
Draft,A1-MD-0021,53159,American Eagle Women's Ahh-Mazingly Soft Plaid Flannel Shirt S Green,,12.00,1,,USED_EXCELLENT,"American Eagle Outfitters women's size S Ahh-Mazingly Soft slim-fit flannel in dark green, navy, cream, and mustard plaid with two button-flap chest pockets. Good pre-owned condition with light wear and wrinkling; material remains unconfirmed.<br><ul><li>Brand: American Eagle Outfitters</li><li>Size: S</li><li>Color: Dark green, navy/black, cream, and mustard yellow</li><li>Pattern: Tartan plaid with herringbone accent weave</li><li>Style: Long sleeves; pointed collar; full button front; two button-flap chest pockets; curved shirttail hem; soft flannel construction; Slim Fit / Ahh-Mazingly Soft line</li><li>Condition: Good pre-owned; final inspection required</li></ul><br><p>Condition notes: Full front and back photos now supplied. Visible wrinkling and light general wear; no obvious holes, tears, missing buttons, or major stains visible. Department appears to be women's based on the line and two-pocket cut; verify measurements before listing. Material remains unconfirmed until the care tag is photographed.</p><br><p>Sourced and inspected by EHC. Ships fast from a smoke-free space.</p>",FixedPrice
Draft,A1-MD-0022,63866,Paper Crane Women's Ribbed Cropped Cardigan Tank Set M Rust Orange,,18.00,1,,USED_EXCELLENT,"Paper Crane women's size M rust-burnt-orange ribbed twinset featuring a cropped long-sleeve V-neck button cardigan with a matching fitted camisole or tank. Good pre-owned condition with light wrinkling; verify both pieces are included and confirm material before publishing.<br><ul><li>Brand: Paper Crane</li><li>Size: M</li><li>Color: Rust / burnt orange / terracotta</li><li>Pattern: Solid ribbed knit</li><li>Style: Long sleeves; deep V neckline; four-button front; cropped hem; matching ribbed camisole or tank appears included; fitted stretch silhouette</li><li>Condition: Good pre-owned; final inspection required</li></ul><br><p>Condition notes: No obvious holes, tears, or major stains visible in the supplied photos. Light wrinkling is present. Verify the matching camisole is a separate included piece, photograph both pieces individually, and confirm the material and care tag before listing.</p><br><p>Sourced and inspected by EHC. Ships fast from a smoke-free space.</p>",FixedPrice
Draft,A1-MD-0023,57991,IZOD Men's New England Oxford Striped Short Sleeve Shirt 18.5 Large,,12.00,1,,USED_EXCELLENT,"IZOD men's New England Oxford short-sleeve button-down in size 18 1/2 Large with light-blue and white vertical stripes, chest pocket, Easy Care construction, and a cotton-polyester blend. Good pre-owned condition with light wrinkling; inspect collar, underarms, buttons, and hem.<br><ul><li>Brand: IZOD</li><li>Size: 18 1/2 / L</li><li>Color: Light blue and white</li><li>Material: 74% cotton / 26% polyester</li><li>Pattern: Vertical stripes</li><li>Style: Short sleeves; pointed collar; button-front closure; single chest pocket; rear center box pleat; Easy Care; New England Oxford line</li><li>Condition: Good pre-owned; final inspection required</li></ul><br><p>Condition notes: Visible wrinkling and light general wear. No obvious holes, tears, or major stains visible in the supplied images. Inspect the collar for yellowing, underarms, buttons, pocket, seams, and hem before listing.</p><br><p>Sourced and inspected by EHC. Ships fast from a smoke-free space.</p>",FixedPrice
Draft,A1-MD-0024,57991,Tommy Hilfiger Men's Custom Fit Plaid Shirt L 16.5-17 Navy Long Sleeve,,12.00,1,,USED_EXCELLENT,"Tommy Hilfiger men's L 16.5-17 Custom Fit long-sleeve button-down in navy windowpane plaid with light-blue and red lines, button-down collar, chest pocket, and embroidered flag. Good pre-owned condition with light wear and wrinkling; material remains unconfirmed.<br><ul><li>Brand: Tommy Hilfiger</li><li>Size: L / 16 1/2-17</li><li>Color: Navy with light blue and red</li><li>Pattern: Windowpane plaid / check</li><li>Style: Long sleeves; button-down collar; full button front; single chest pocket with flag logo; curved shirttail hem; Custom Fit; 80s 2-ply fabric label</li><li>Condition: Good pre-owned; final inspection required</li></ul><br><p>Condition notes: Visible wrinkling and light general wear. No obvious holes, tears, missing buttons, or major stains visible in supplied photos. Approximate photographed measurements appear near 21-22 in pit to pit, 30 in length, and 25-26 in sleeve; verify before listing. Confirm material from care tag.</p><br><p>Sourced and inspected by EHC. Ships fast from a smoke-free space.</p>",FixedPrice
Draft,A1-MD-0025,155183,Under Armour Men's XL ColdGear Loose Quarter Zip Pullover Heather Teal,,20.00,1,,USED_EXCELLENT,"Under Armour men's XL ColdGear Loose quarter-zip pullover in a heathered blue-gray teal color with black trim, chest logo, mock neck, and brushed interior. Good pre-owned condition; inspect zipper, cuffs, underarms, hem, and fleece before publishing.<br><ul><li>Brand: Under Armour</li><li>Size: XL</li><li>Color: Heathered blue-gray / teal with black trim</li><li>Pattern: Heathered solid</li><li>Style: Long sleeves; quarter-zip front; mock neck; black Under Armour chest logo; black trim at collar, cuffs, and hem; brushed ColdGear interior; Loose fit</li><li>Condition: Good pre-owned; final inspection required</li></ul><br><p>Condition notes: No obvious holes, tears, major stains, or logo damage visible in supplied photos. Light general wear and surface wrinkling may be present. Inspect zipper, cuffs, underarms, hem, fleece interior, and logo before listing. Confirm fabric percentages from the care tag.</p><br><p>Sourced and inspected by EHC. Ships fast from a smoke-free space.</p>",FixedPrice
Draft,A1-MD-0026,57990,J.Crew Men's L Red Blue Gingham Cotton Long Sleeve Button Down Shirt,,14.00,1,,USED_EXCELLENT,"J.Crew men's size L long-sleeve button-down in red, bright-blue, and burgundy gingham check. Made from 100% cotton in Mauritius with a button-down collar, chest pocket, button cuffs, and curved hem. Good pre-owned condition with light wear and wrinkling.<br><ul><li>Brand: J.Crew</li><li>Size: L</li><li>Color: Red, bright blue, and burgundy</li><li>Material: 100% cotton</li><li>Pattern: Gingham check</li><li>Style: Long sleeves; button-down collar; full button front; chest pocket; button cuffs; curved shirttail hem</li><li>Condition: Good pre-owned; final inspection required</li></ul><br><p>Condition notes: Visible wrinkling and light general wear. No obvious holes, tears, missing buttons, or major stains visible. Verify measurements, cuffs, collar, underarms, pocket, seams, and hem before listing.</p><br><p>Sourced and inspected by EHC. Ships fast from a smoke-free space.</p>",FixedPrice
Draft,A1-MD-0027,53159,Under Armour Women's White Orange Mesh Racerback Athletic Tank Top,,10.00,1,,USED_EXCELLENT,"Under Armour women's white and light-gray mesh racerback athletic tank with a bright-orange horizontal colorblock panel and logo at the upper back. Good pre-owned condition; size, fabric, technology line, and country must be confirmed before publishing.<br><ul><li>Brand: Under Armour</li><li>Color: White / light gray with bright orange colorblock</li><li>Pattern: Heathered mesh stripe with colorblock panel</li><li>Style: Sleeveless; scoop neckline; racerback; Under Armour logo at upper back; breathable semi-sheer mesh construction; bright orange horizontal colorblock panel</li><li>Condition: Good pre-owned; final inspection required</li></ul><br><p>Condition notes: No obvious holes, tears, or major stains visible. Inspect for marks, snags, pilling, stretching, underarm wear, and discoloration. Size, material, technology line, and country remain unconfirmed until the care tag is photographed.</p><br><p>Sourced and inspected by EHC. Ships fast from a smoke-free space.</p>",FixedPrice
Draft,A1-MD-0028,53159,Ariat Women's M Coral Desert Agave Graphic T-Shirt Western Ranchwear,,13.00,1,,USED_EXCELLENT,"Ariat women's size M coral-salmon short-sleeve graphic T-shirt featuring a distressed desert landscape with sun, layered hills, agave plant, and ARIAT wordmark. Made in El Salvador. Good pre-owned condition with visible graphic wear and light general wear.<br><ul><li>Brand: Ariat</li><li>Size: M</li><li>Color: Coral / salmon / peach</li><li>Material: Cotton / polyester blend; exact percentages not confirmed</li><li>Pattern: Desert landscape and agave graphic</li><li>Style: Short sleeves; crew neck; large front desert landscape graphic with sun, layered hills, agave plant, and ARIAT wordmark; fitted women's silhouette; tagless printed label</li><li>Condition: Good pre-owned with graphic wear; final inspection required</li></ul><br><p>Condition notes: Visible fading and cracking within the distressed front graphic, plus light general wear and wrinkling. A small dark surface mark may be present near the neckline. No obvious holes or major stains visible. Inspect collar, underarms, graphic, seams, and hem before listing.</p><br><p>Sourced and inspected by EHC. Ships fast from a smoke-free space.</p>",FixedPrice
Draft,A1-MD-0029,15687,Under Armour Superman Men's M HeatGear Loose Navy Graphic T-Shirt,,20.00,1,,USED_EXCELLENT,"Under Armour men's size M HeatGear Loose short-sleeve shirt in navy blue featuring a large Superman S-shield graphic and red Under Armour sleeve logo. Made in Indonesia. Good pre-owned condition with visible graphic fading, light lint, and general wear.<br><ul><li>Brand: Under Armour</li><li>Size: M</li><li>Color: Navy blue with red, yellow, and gray</li><li>Pattern: Superman shield graphic</li><li>Style: Short sleeves; crew neck; raglan shoulder seams; large Superman S-shield front graphic; red Under Armour sleeve logo; HeatGear; Loose fit; tagless printed label</li><li>Condition: Good pre-owned with graphic wear; final inspection required</li></ul><br><p>Condition notes: Visible fading and wear within the large front Superman graphic, plus light lint and general wear. No obvious holes, tears, or major stains visible. Inspect collar, underarms, seams, hem, front graphic, and sleeve logo before listing.</p><br><p>Sourced and inspected by EHC. Ships fast from a smoke-free space.</p>",FixedPrice
Draft,A1-MD-0030,53159,St John's Bay Women's L Purple Embroidered Cotton Peasant Blouse Boho,,9.00,1,,USED_EXCELLENT,"St. John's Bay women's size L deep-purple crinkle cotton peasant blouse with pink, white, and yellow floral embroidery, split neckline, braided tie, and relaxed silhouette. Made from 100% cotton in Bangladesh. Good pre-owned condition.<br><ul><li>Brand: St. John's Bay</li><li>Size: L</li><li>Color: Deep purple / plum with pink, white, and yellow embroidery</li><li>Material: 100% cotton excluding decoration</li><li>Pattern: Floral embroidery</li><li>Style: Short sleeves; split neckline; braided tie front; floral embroidery across chest and shoulders; crinkle gauze texture; relaxed peasant silhouette</li><li>Condition: Good pre-owned; final inspection required</li></ul><br><p>Condition notes: Crinkle texture and light general wear are visible. No obvious holes, tears, or major stains visible. Inspect embroidery, neckline ties, underarms, sleeve hems, side seams, and lower hem before listing.</p><br><p>Sourced and inspected by EHC. Ships fast from a smoke-free space.</p>",FixedPrice
Draft,A1-MD-0032,15687,Adidas Men's M AEROREADY Gray 3-Stripes Short Sleeve Athletic Shirt,,13.00,1,,USED_EXCELLENT,"Adidas men's size M heather-charcoal AEROREADY short-sleeve athletic shirt with white 3-Stripes across the shoulders and sleeves, black chest logo, crew neck, and lightweight performance construction. Good pre-owned condition.<br><ul><li>Brand: Adidas</li><li>Size: M</li><li>Color: Heather charcoal gray with white stripes and black logo</li><li>Pattern: Heathered solid with 3-Stripes</li><li>Style: Short sleeves; crew neck; white 3-Stripes along shoulders and sleeves; black Adidas chest logo; AEROREADY; lightweight athletic construction; mesh interior panel</li><li>Condition: Good pre-owned; final inspection required</li></ul><br><p>Condition notes: No obvious holes, tears, major stains, or logo damage visible. Light general wear and wrinkling may be present. Inspect collar, shoulder stripes, underarms, seams, hem, chest logo, and interior before listing. Confirm material and country from the care tag.</p><br><p>Sourced and inspected by EHC. Ships fast from a smoke-free space.</p>",FixedPrice
Draft,A2-MD-0033,11554,Judy Blue Womens 9/29 Light Wash Distressed Ripped Skinny Jeans Raw Hem,,23.00,1,,USED_EXCELLENT,"Judy Blue women's size 9/29 light-wash skinny jeans featuring heavy front distressing, ripped details, five-pocket styling, button-and-zip closure, branded back waistband patch, and raw unfinished hems. Good pre-owned condition with intentional distressing and normal wash fading; verify measurements, fabric content, rise, inseam, and style number before publishing.<br><ul><li>Brand: Judy Blue</li><li>Size: 9/29</li><li>Color: Light blue</li><li>Pattern: Distressed / ripped</li><li>Style: Five-pocket design; button and zip closure; skinny/tapered leg; heavy front distressing; raw unfinished hems; branded back waistband patch</li><li>Condition: Good pre-owned; final inspection required</li></ul><br><p>Condition notes: Visible intentional distressing and ripped areas throughout the front legs, plus raw hems and normal light-wash fading. No obvious major stains or damage beyond the designed distressing visible in supplied photos. Verify stretch, rise, inseam, fabric content, style number, and all measurements before listing.</p><br><p>Sourced and inspected by EHC. Ships fast from a smoke-free space.</p>",FixedPrice
Draft,A2-MD-0034,185100,Royal Blue Short Sleeve Polo Shirt Solid Casual Golf Performance Style,,8.00,1,,USED_EXCELLENT,"Royal-blue solid short-sleeve polo shirt with a ribbed collar, straight hem, and smooth knit or performance-style fabric. Brand, size, material, country, front details, and measurements are not confirmed. Back appears clean in the supplied photo; complete inspection required before publishing.<br><ul><li>Color: Royal blue / cobalt blue</li><li>Pattern: Solid</li><li>Style: Short sleeves; ribbed polo collar; straight hem; smooth knit or performance-style fabric; front, placket, chest logo, and branding not visible in supplied photo</li><li>Condition: Pre-owned; final inspection required</li></ul><br><p>Condition notes: Back view only. No obvious holes, tears, or major stains are visible on the photographed back. Inspect the front, placket, collar, underarms, sleeves, hem, seams, fabric for snags or pulls, and all branding before listing. Confirm size, material, country, fit, and measurements.</p><br><p>Sourced and inspected by EHC. Ships fast from a smoke-free space.</p>",FixedPrice
Draft,A2-MD-0035,57989,Lands End Mens 42 Black Elastic Waist Casual Pants Straight Leg,,18.00,1,,USED_EXCELLENT,"Lands' End men's size 42 Regular black casual pants with an elasticized comfort waistband, belt loops, button-and-zip closure, side-entry front pockets, rear flap pockets, and a straight-leg silhouette. Good pre-owned condition with light normal wear and wrinkling. Confirm material, inseam, rise, leg opening, and country before publishing.<br><ul><li>Brand: Lands' End</li><li>Size: 42 Regular</li><li>Color: Black</li><li>Pattern: Solid</li><li>Style: Elasticized comfort waistband; belt loops; front button and zip closure; side-entry front pockets; two rear flap pockets with one button closure; straight-leg silhouette</li><li>Condition: Good pre-owned; final inspection required</li></ul><br><p>Condition notes: Light normal wear, wrinkling, and minor surface lint are visible. No obvious holes, tears, or major stains appear in the supplied photos. Inspect the waistband elastic, zipper, button, pocket flaps, seat, inner thighs, knees, hems, and seams before listing. Confirm inseam, rise, leg opening, material, and country of manufacture.</p><br><p>Sourced and inspected by EHC. Ships fast from a smoke-free space.</p>",FixedPrice
Draft,A2-MD-0036,185100,St Johns Bay Mens S Yellow Interlock Polo Shirt Navy Stripe Cotton,,8.00,1,,USED_EXCELLENT,"St. John's Bay men's size S/P pale-yellow interlock polo made from 100% cotton. Features an open placket, ribbed collar, navy double-stripe trim on the collar and sleeve cuffs, short sleeves, and a straight hem. Pre-owned with light wear and possible small marks; inspect and confirm measurements before publishing.<br><ul><li>Brand: St. John's Bay</li><li>Size: S/P</li><li>Color: Pale yellow / butter yellow</li><li>Material: 100% cotton</li><li>Pattern: Solid with striped trim</li><li>Style: Short sleeves; open placket; ribbed polo collar; navy double-stripe trim on collar and sleeve cuffs; straight hem; interlock knit construction</li><li>Condition: Pre-owned; needs final inspection</li></ul><br><p>Condition notes: Light normal wear and wrinkling are visible. Small dark marks or spots may be present on the front and should be inspected or treated before listing. Check the collar, sleeve cuffs, underarms, placket, seams, and hem. Confirm measurements before publishing.</p><br><p>Sourced and inspected by EHC. Ships fast from a smoke-free space.</p>",FixedPrice
Draft,A2-MD-0037,57989,Brooks Brothers 346 Mens 40x30 Olive Green Cotton Chino Pants,,22.00,1,,USED_EXCELLENT,"Brooks Brothers 346 men's olive-green chino pants in size W40/L30. Made from 100% cotton in China. Features a flat front, belt loops, button-and-zip closure, angled front pockets, two rear welt pockets, striped pocket lining, and a straight-leg silhouette. Good pre-owned condition with light normal wear and wrinkling. Confirm measurements and complete a final flaw inspection before publishing.<br><ul><li>Brand: Brooks Brothers 346</li><li>Size: W40/L30</li><li>Color: Olive green</li><li>Material: 100% cotton</li><li>Pattern: Solid</li><li>Style: Flat front; belt loops; button and zip closure; angled front pockets; two rear welt pockets; straight-leg chino silhouette; striped pocket lining</li><li>Condition: Good pre-owned; final inspection required</li></ul><br><p>Condition notes: Light wrinkling and normal pre-owned wear are visible. No obvious major stains, holes, or tears appear in the supplied photos. Inspect the waistband, button, zipper, front pockets, rear pockets, seat, inner thighs, knees, hems, and seams. Confirm waist, rise, inseam, and leg-opening measurements before publishing.</p><br><p>Sourced and inspected by EHC. Ships fast from a smoke-free space.</p>",FixedPrice
Draft,A2-MD-0039,155183,SpaceX Size L Lavender Organic Cotton Full Zip Hoodie Embroidered Logo,,35.00,1,,USED_EXCELLENT,"Space Exploration Technologies Corp. full-zip hoodie in light lavender-gray, size L. Features an attached hood, full zipper, tonal embroidered chest logo, split front pockets, ribbed cuffs and hem, and fleece interior. Label states 100% organic cotton and made in China. Pre-owned; inspect the original garment and confirm measurements before publishing. Authenticity remains unverified.<br><ul><li>Brand: Space Exploration Technologies Corp. label; authenticity unverified</li><li>Size: L</li><li>Color: Lavender-gray / light purple</li><li>Material: 100% organic cotton according to label</li><li>Pattern: Solid</li><li>Style: Attached hood; full front zipper; tonal embroidered chest logo; split kangaroo pockets; ribbed cuffs and hem; soft fleece interior; cropped or shorter-body silhouette appears possible but is not confirmed</li><li>Condition: Pre-owned; needs final inspection and authenticity review</li></ul><br><p>Condition notes: Clean-background images show the overall front, back, and label, but may not reveal all wear. Inspect the original garment for stains, pilling, shrinkage, odors, zipper function, cuff and hem wear, pocket damage, loose embroidery, and altered labels. Authenticity cannot be confirmed from the provided photos alone.</p><br><p>Sourced and inspected by EHC. Ships fast from a smoke-free space.</p>",FixedPrice
Draft,A2-MD-0040,11554,American Eagle Womens White Stretch Jeans Approx 31x28 Straight Leg,,16.00,1,,USED_GOOD,"American Eagle Outfitters women's white stretch five-pocket jeans with a button-and-zip closure, belt loops, embroidered interior waistband branding, rear patch pockets, and a straight-to-slight-bootcut silhouette. Approximate measurements from the supplied ruler photos: 15.5 in waist laid flat, 27.5 in inseam, 34.5 in outseam, and 6.5 in leg opening. Size, exact model, material, and country remain unconfirmed. Fair pre-owned condition with visible small marks, light discoloration, wrinkling, and wear to the rear logo patch; review all photos and verify measurements before purchasing.<br><ul><li>Brand: American Eagle Outfitters</li><li>Size: Size not confirmed; approx. 31 in waist / 27.5 in inseam</li><li>Color: White / ivory</li><li>Material: Not confirmed; stretch denim</li><li>Pattern: Solid</li><li>Style: Five-pocket design; button-and-zip closure; belt loops; straight-to-slight-bootcut silhouette; STRETCH line tag; embroidered waistband branding; rear patch pockets; worn brown logo patch; approximate measurements: 15.5 in waist laid flat, 27.5 in inseam, 34.5 in outseam, and 6.5 in leg opening</li><li>Condition: Fair pre-owned; visible marks and wear</li></ul><br><p>Condition notes: Multiple small blue or dark marks, light discoloration, wrinkling, and wear to the rear logo patch are visible. Inspect the white fabric carefully for stains or yellowing, especially at the crotch, seat, knees, pockets, and hems. Verify zipper and button function. Ruler-photo measurements are approximate and should be rechecked before publishing.</p><br><p>Sourced and inspected by EHC. Ships fast from a smoke-free space.</p>",FixedPrice
Draft,A2-MD-0042,63863,Mondetta Womens M Black Stretch Straight Leg Pull On Pants Performance Luxury,,16.00,1,,USED_EXCELLENT,"Mondetta Performance + Luxury women's black pull-on stretch pants in size M. Made in Jordan from 84% polyester and 16% spandex. Features a wide waistband, straight-leg silhouette, long vertical seam detailing, and subtle gold Mondetta branding at the rear waistband. Pre-owned condition with light lint and wrinkling visible. Confirm measurements, pockets, shipping weight, and complete a final flaw inspection before publishing.<br><ul><li>Brand: Mondetta</li><li>Size: M</li><li>Color: Black / charcoal</li><li>Material: Shell: 84% polyester / 16% spandex</li><li>Pattern: Solid</li><li>Style: Performance + Luxury line; wide pull-on waistband; straight-leg silhouette; long vertical seam detailing; small gold Mondetta logo at rear waistband; soft stretch performance fabric</li><li>Condition: Pre-owned; final inspection required</li></ul><br><p>Condition notes: Light lint and wrinkling are visible in the supplied photos. No obvious major holes or tears are visible, but inspect the waistband, rise, crotch, seat, inner thighs, knees, seams, hems, and logo print before publishing. Confirm waist, rise, inseam, outseam, leg opening, pockets, and shipping weight.</p><br><p>Sourced and inspected by EHC. Ships fast from a smoke-free space.</p>",FixedPrice
Draft,A2-MD-0043,15687,Nike Sphere Mens M Gray Mesh V Neck Performance Athletic Shirt,,20.00,1,,USED_EXCELLENT,"Nike Sphere men's size M charcoal-gray short-sleeve performance shirt with a V-neck, breathable textured mesh construction, small chest Swoosh, circular Sphere logo near the lower hem, and a curved drop-tail hem. Made in Taiwan. Good pre-owned condition with light wear and possible small surface marks. Confirm fabric composition and measurements before publishing.<br><ul><li>Brand: Nike Sphere</li><li>Size: M</li><li>Color: Charcoal gray / dark gray</li><li>Material: Not confirmed; synthetic performance mesh</li><li>Pattern: Solid textured mesh</li><li>Style: Short sleeves; V-neck; small Nike Swoosh at chest; Nike Sphere circular logo near lower hem; breathable textured mesh construction; curved drop-tail hem</li><li>Condition: Good pre-owned; final inspection required</li></ul><br><p>Condition notes: Light normal wear and wrinkling are visible. Possible small surface marks are present on the front. No obvious major holes or tears are visible in the supplied photos. Inspect the neckline, underarms, mesh fabric, seams, logos, sleeves, and hem before publishing. Ruler photos suggest approximately 20 in pit to pit and 25 in length, but measurements must be rechecked.</p><br><p>Sourced and inspected by EHC. Ships fast from a smoke-free space.</p>",FixedPrice
Draft,A2-MD-0044,11554,Levis Womens Black Denim Trucker Jacket Faded Wash Cropped 18x19,,29.95,1,,USED_EXCELLENT,"Levi's faded black denim trucker jacket with a pointed collar, button front, two flap chest pockets, two hand pockets, silver-tone branded hardware, and red tab. Approximate measurements from the supplied ruler photos: 18 in pit to pit, 19 in length, 26 in sleeve, and about 16-17 in across the upper body/hem. Tagged size, fiber content, country, and exact model were not shown. Good pre-owned condition with even fading and light normal wear; complete a final flaw inspection and verify measurements before publishing.<br><ul><li>Brand: Levi's</li><li>Size: Tagged size not shown; approx. 18 in pit to pit / 19 in length</li><li>Color: Faded black / charcoal gray</li><li>Material: Denim; fiber composition not confirmed</li><li>Pattern: Solid</li><li>Style: Button-front closure; pointed collar; two button-flap chest pockets; two vertical hand pockets; silver-tone branded buttons; red Levi's tab; fitted/cropped trucker silhouette; approximate measurements: 18 in pit to pit, 19 in length, 26 in sleeve, and about 16-17 in across the upper body/hem</li><li>Condition: Good pre-owned; visible fading and final inspection required</li></ul><br><p>Condition notes: Even faded black/charcoal wash and light normal wear are visible. No obvious major stains, holes, or tears appear in the supplied photos. Inspect the collar, cuffs, underarms, pocket edges, button placket, seams, hem, and interior labels. Verify all measurements and photograph the brand, size, material, and country tags before publishing.</p><br><p>Sourced and inspected by EHC. Ships fast from a smoke-free space.</p>",FixedPrice
Draft,A2-MD-0045,63862,Lauren Ralph Lauren Womens 20W Navy Double Breasted Blazer Gold Buttons,,30.00,1,,USED_EXCELLENT,"Lauren Ralph Lauren women's navy blazer with a photographed size 20W tag. Features a double-breasted front, peaked lapels, gold-tone embossed buttons, four-button cuffs, chest welt pocket, lower patch pockets, structured tailoring, and purple lining. Pre-owned with heavy visible lint and surface debris; clean, steam, verify measurements and material, and complete a final flaw inspection before publishing.<br><ul><li>Brand: Lauren Ralph Lauren</li><li>Size: 20W (photographed tag; user estimated 42R, unconfirmed)</li><li>Color: Navy blue</li><li>Pattern: Solid</li><li>Style: Double-breasted front; peaked lapels; gold-tone embossed buttons; four gold-tone cuff buttons; chest welt pocket; two lower patch pockets; purple lining; structured tailored silhouette</li><li>Condition: Pre-owned; needs lint removal and final inspection</li></ul><br><p>Condition notes: Heavy visible lint, hair, and surface debris are present across the navy fabric. No obvious major holes or large stains are visible in the supplied photos, but the blazer is not listing-ready. Lint-roll or professionally clean, steam, inspect the lining, underarms, cuffs, lapels, pockets, buttons, seams, and hem, and photograph the care/material tag. The photographed manufacturer size tag reads 20W; do not list as 42R unless another original tag proves it.</p><br><p>Sourced and inspected by EHC. Ships fast from a smoke-free space.</p>",FixedPrice
Draft,A2-MD-0046,155183,Brooks Brothers Mens S Orange Cotton Quarter Zip Pullover Logo,,28.00,1,,USED_EXCELLENT,"Brooks Brothers men's size S quarter-zip pullover in burnt orange/coral 100% cotton. Features an embroidered Golden Fleece chest logo, navy double-stripe trim at the mock collar and cuffs, contrast teal interior neck tape, long sleeves, and ribbed finishes. Good pre-owned condition with light wear and possible faint small marks; inspect all photos and measurements before purchase.<br><ul><li>Brand: Brooks Brothers</li><li>Size: S</li><li>Color: Burnt orange / coral with navy and teal accents</li><li>Material: 100% cotton</li><li>Pattern: Solid with striped trim</li><li>Style: Long sleeves; quarter-zip mock neck; embroidered Golden Fleece chest logo; navy double-stripe trim at collar and cuffs; contrast teal interior neck tape; ribbed cuffs and hem; casual preppy silhouette</li><li>Condition: Good pre-owned; final inspection required</li></ul><br><p>Condition notes: Light normal wear and wrinkling are visible. A few faint small surface marks or spots may be present on the front and sleeves. Inspect and treat before eBay listing; verify zipper operation, collar, cuffs, underarms, seams, hem, embroidery, and all measurements.</p><br><p>Sourced and inspected by EHC. Ships fast from a smoke-free space.</p>",FixedPrice
Draft,A2-MD-0047,11554,KUT from the Kloth Catherine Boyfriend Pants Womens 14 Dark Green Velvet,,24.00,1,,USED_EXCELLENT,"KUT from the Kloth Catherine Boyfriend pants in women's size 14, style KP494MQ9. Very dark green to black-green velvet-like 98% cotton and 2% spandex fabric with five-pocket styling, button and zip closure, and relaxed straight boyfriend fit. Approximate measurements: 17.5 inches waist flat, 27-inch inseam, and 8-inch leg opening flat. Good pre-owned condition with visible lint and wrinkling; complete a final flaw inspection and verify measurements before publishing.<br><ul><li>Brand: KUT from the Kloth</li><li>Size: 14</li><li>Color: Very dark green / black-green</li><li>Material: 98% cotton / 2% spandex</li><li>Pattern: Solid</li><li>Style: Catherine Boyfriend fit; five-pocket styling; button and zip closure; soft velvet-like cotton fabric; straight-to-relaxed leg; style KP494MQ9; approximate measurements: 17.5 in waist flat, 27 in inseam, 8 in leg opening flat</li><li>Condition: Good pre-owned; final inspection required</li></ul><br><p>Condition notes: Visible lint, wrinkling, and normal surface variation are present in the velvet-like fabric. No obvious major holes or tears appear in the supplied photos. Lint-roll carefully, steam from the reverse if safe, and inspect the waistband, zipper, button, crotch, seat, inner thighs, knees, pockets, seams, and hems before listing. Verify measurements before publishing.</p><br><p>Sourced and inspected by EHC. Ships fast from a smoke-free space.</p>",FixedPrice
Draft,A2-MD-0048,57988,Nautica Mens XL White Sailing Windbreaker Jacket Black Stripe Logo,,34.00,1,,USED_EXCELLENT,"Nautica men's size XL white/ivory sailing windbreaker with black stand collar, double-stripe chest and back accents, Nautica sailboat sleeve graphic, front closure with snap storm placket, zippered hand pockets, and elastic cuffs and hem. Approximate measurements from supplied ruler photos: 25 inches pit to pit, 27 inches length, and 30 inches sleeve from collar; verify before listing. Pre-owned with visible wrinkling, light discoloration, and small surface marks. Clean and complete a final flaw inspection before publishing.<br><ul><li>Brand: Nautica</li><li>Size: XL</li><li>Color: White / ivory with black accents</li><li>Material: Outer shell and lining materials not confirmed</li><li>Pattern: Colorblock / striped</li><li>Style: Full front closure with snap storm placket; black stand collar; black double-stripe chest and back detail; embroidered/printed Nautica sailboat sleeve graphic; two zippered hand pockets; elastic cuffs and hem; lightweight lined sailing silhouette; approximate ruler-photo measurements: 25 in pit to pit, 27 in length, 30 in sleeve from collar; verify before listing</li><li>Condition: Pre-owned; cleaning and final inspection required</li></ul><br><p>Condition notes: Visible wrinkling, light yellowing or discoloration near the left underarm/chest area, and several small dark surface marks on the sleeves/body are present in the supplied photos. White outerwear shows flaws easily. Clean before listing and inspect the collar, placket, zipper/snaps, pockets, cuffs, elastic hem, lining, underarms, sleeve graphic, seams, and all white fabric under bright neutral light. Verify measurements and material/country tags before publishing.</p><br><p>Sourced and inspected by EHC. Ships fast from a smoke-free space.</p>",FixedPrice
Draft,A2-MD-0049,57990,Columbia Mens XXL Red Plaid Stretch Shirt Button Up New With Tags,,32.00,1,,NEW,"Columbia men's XXL red plaid long-sleeve button-up shirt in 98% cotton and 2% elastane. Features a spread collar, buttoned chest pocket, full button front, and curved hem. Style AA11523 / 1617951. New with retail tags attached; verify measurements and complete final inspection before listing.<br><ul><li>Brand: Columbia</li><li>Size: XXL</li><li>Color: Red, burgundy, tan, and navy</li><li>Material: 98% cotton / 2% elastane</li><li>Pattern: Plaid</li><li>Style: Full button front, spread collar, buttoned chest pocket, curved hem, stretch fabric, style AA11523 / 1617951, retail tags attached</li><li>Condition: New with tags; final inspection required</li></ul><br><p>Condition notes: Appears unworn with retail tags attached. Inspect for storage marks, odors, missing buttons, loose threads, seam issues, and hidden flaws. Verify measurements before listing.</p><br><p>Sourced and inspected by EHC. Ships fast from a smoke-free space.</p>",FixedPrice
Draft,A2-MD-0050,57989,Fabletics Mens L Black Utility Cargo Jogger Pants Turquoise Drawstring,,23.00,1,,USED_EXCELLENT,"Fabletics men's size L black utility performance jogger pants, item number 01847. Features a ribbed elastic waistband and cuffs, bright turquoise drawcord, front hand pockets, zippered thigh utility pocket, tapered athletic fit, and additional utility details. Made in Vietnam. Good pre-owned condition with light lint and handling wrinkles; verify measurements, material tag, and all pocket and zipper functions before listing.<br><ul><li>Brand: Fabletics</li><li>Size: L</li><li>Color: Black with turquoise accents</li><li>Material: Not confirmed — care/fabric tag not supplied</li><li>Pattern: Solid</li><li>Style: Elastic ribbed waistband and ankle cuffs; bright turquoise adjustable drawcord; front hand pockets; zippered thigh utility pocket; additional cargo/utility pocket details; tapered athletic fit; Fabletics item number 01847; approximate ruler-photo inseam and overall measurements require verification before listing</li><li>Condition: Good pre-owned; final inspection required</li></ul><br><p>Condition notes: Brand was initially misidentified as Carhartt Force, but the interior tag confirms Fabletics, size L, item number 01847, made in Vietnam. Visible light lint and normal handling wrinkles are present. Inspect drawcord, waistband, cuffs, zippers, pockets, crotch, seat, knees, seams, and hems; verify exact measurements and locate the material/care tag before publishing.</p><br><p>Sourced and inspected by EHC. Ships fast from a smoke-free space.</p>",FixedPrice
Draft,EHC-TMP-0051,57990,Wrangler Western Shirts Mens M Teal Navy Plaid Button Up Shirt,,13.00,1,,USED_EXCELLENT,"Wrangler Western Shirts men's size M/M long-sleeve permanent-press plaid button-up in teal, navy, white and gray. Made in Bangladesh from 65% polyester and 35% cotton. Features a button front, pointed collar and flap chest pocket. Measurements, back view and final flaw inspection remain pending.<br><ul><li>Brand: Wrangler Western Shirts</li><li>Size: M/M</li><li>Color: Teal, navy, white and gray</li><li>Material: 65% polyester / 35% cotton</li><li>Pattern: Plaid</li><li>Style: Long sleeves; button front; flap chest pocket; pointed collar; western-workwear styling; permanent-press construction</li><li>Condition: Pre-owned; final inspection required</li></ul><br><p>Condition notes: Uploaded tag confirms size M/M, permanent press, 65% polyester / 35% cotton and Made in Bangladesh. Back view, measurements, storage location, cost and complete flaw inspection remain pending. Source images saved in the 2026-06-29 Tag Intake folder.</p><br><p>Sourced and inspected by EHC. Ships fast from a smoke-free space.</p>",FixedPrice
Draft,EHC-TMP-0052,57990,Woolrich Mens XL Burgundy Cotton Button Up Shirt Made in USA,,24.00,1,,USED_EXCELLENT,"Woolrich Rugged Outdoorwear men's size XL burgundy button-up shirt made in the USA from 100% cotton. Features long sleeves and a button-down collar. Pre-owned with fading, wrinkling and a possible small lower-front mark or abrasion; verify measurements and complete a final flaw inspection before publishing.<br><ul><li>Brand: Woolrich Rugged Outdoorwear</li><li>Size: XL</li><li>Color: Burgundy / faded red</li><li>Material: 100% cotton</li><li>Pattern: Solid</li><li>Style: Long sleeves; button-down collar; full button front; heritage outdoor styling</li><li>Condition: Pre-owned; visible fading and possible lower-front flaw</li></ul><br><p>Condition notes: Uploaded tag corrects the prior size entry from M to XL and confirms 100% cotton and Made in USA. Visible fading and wrinkling remain, with a possible lower-front mark or abrasion. Back view, measurements, storage location, cost and complete flaw inspection remain pending. Do not claim vintage until independently dated. Source images saved in the 2026-06-29 Tag Intake folder.</p><br><p>Sourced and inspected by EHC. Ships fast from a smoke-free space.</p>",FixedPrice
Draft,EHC-TMP-0053,57988,Field & Stream 1871 Plaid Lined Shirt Jacket Approx 24 in Chest,,15.00,1,,USED_EXCELLENT,"Field & Stream 1871 plaid lined shirt jacket in cream, gray and dark navy/blue. Features a snap/button front, long sleeves, black lining and two snap-flap chest pockets. Approx. 24 in pit-to-pit and about 24 in shoulder-to-hem. Tagged size, material, country, back view and complete condition remain unconfirmed.<br><ul><li>Brand: Field & Stream 1871</li><li>Size: Tagged size not readable; approx. 24 in pit-to-pit</li><li>Color: Cream, gray and dark navy/blue</li><li>Pattern: Plaid</li><li>Style: Long sleeves; snap/button front; black interior lining; two snap-flap chest pockets; shirt-jacket silhouette</li><li>Condition: Pre-owned; light wear visible; final inspection required</li></ul><br><p>Condition notes: Seven routed images now include full front, close brand label and measurement evidence. Approx. 24 in pit-to-pit and about 24 in shoulder-to-hem. Tagged size remains unreadable. Back view, care/material tag, country, storage location, cost and complete flaw inspection remain pending. Source folder: https://drive.google.com/drive/folders/1bfu7dNOB-8mO_M7z-3YzRP4RgKk0tlzf</p><br><p>Sourced and inspected by EHC. Ships fast from a smoke-free space.</p>",FixedPrice
Draft,EHC-TMP-0054,57990,Brooks Brothers 346 Slim Fit Non Iron Cotton Plaid Shirt,,22.00,1,,USED_EXCELLENT,"Brooks Brothers 346 plaid shirt labeled Slim Fit, Non-Iron, all cotton and Made in Malaysia. Exact size, department, full garment features, measurements and condition remain unconfirmed because only the label area was supplied.<br><ul><li>Brand: Brooks Brothers 346</li><li>Size: Partially obscured; may read 4/5</li><li>Color: Light gray / white plaid</li><li>Material: All cotton according to label</li><li>Pattern: Plaid</li><li>Style: Slim Fit; Non-Iron; woven button-up construction; full garment features not shown</li><li>Condition: Condition not confirmed — full garment photos required</li></ul><br><p>Condition notes: Only the collar and label area are shown. Exact size, department, front/back construction, measurements, storage location, cost and condition remain unresolved. Do not list until full-item photos are supplied.</p><br><p>Sourced and inspected by EHC. Ships fast from a smoke-free space.</p>",FixedPrice
Draft,EHC-TMP-0055,57990,DKNY Mens M Gray Blue Geometric Button Up Shirt,,10.00,1,,USED_EXCELLENT,"DKNY size M gray button-up shirt with blue-and-white micro-geometric detailing. Made in China. Material, measurements, full garment view and complete condition remain pending.<br><ul><li>Brand: DKNY</li><li>Size: M</li><li>Color: Gray with blue and white accents</li><li>Pattern: Micro-geometric</li><li>Style: Button-up collar area with contrast micro-geometric trim; full garment features not shown</li><li>Condition: Condition not confirmed — full garment photos required</li></ul><br><p>Condition notes: Only the collar and label area are shown. Material, full front/back construction, measurements, storage location, cost and condition remain unresolved.</p><br><p>Sourced and inspected by EHC. Ships fast from a smoke-free space.</p>",FixedPrice
Draft,EHC-TMP-0056,57990,Eddie Bauer Mens L Orange Plaid Button Up Shirt,,16.00,1,,USED_EXCELLENT,"Eddie Bauer men's size L rust-orange, cream, olive and dark-gray plaid button-up shirt. Made in China. Material, full front/back views, measurements and complete condition remain pending.<br><ul><li>Brand: Eddie Bauer</li><li>Size: L</li><li>Color: Rust orange, cream, olive and dark gray</li><li>Pattern: Plaid</li><li>Style: Button-up collar area; full garment features not shown</li><li>Condition: Condition not confirmed — full garment photos required</li></ul><br><p>Condition notes: Uploaded tag confirms Eddie Bauer men's size L and Made in China. Material, full front/back construction, measurements, storage location, cost and complete condition remain unresolved. Source images saved in the 2026-06-29 Tag Intake folder.</p><br><p>Sourced and inspected by EHC. Ships fast from a smoke-free space.</p>",FixedPrice
Draft,EHC-TMP-0057,15687,DC Comics Superman Mens M Navy Distressed Shield Graphic T Shirt,,16.00,1,,USED_EXCELLENT,"Licensed Superman/DC Comics navy short-sleeve graphic T-shirt with a large distressed red-and-yellow S-shield. The brand tag appears to show size M. Material, country, measurements and complete condition remain unconfirmed; inspect the graphic, collar, underarms and hem before listing.<br><ul><li>Brand: Superman / DC Comics licensed</li><li>Size: M (brand tag appears to show M; verify care tag)</li><li>Color: Navy blue with red and yellow graphic</li><li>Pattern: Distressed Superman shield graphic</li><li>Style: Short sleeves; crew neck; large distressed Superman S-shield front graphic; licensed DC Comics neck label</li><li>Condition: Pre-owned; full inspection required</li></ul><br><p>Condition notes: Brand licensing and graphic are visible. The label appears to show size M, but the care tag is unreadable. Verify size, material, country, measurements, print wear, collar, underarms and hem. Two source photos are saved in the 2026-06-29 Tag Intake folder.</p><br><p>Sourced and inspected by EHC. Ships fast from a smoke-free space.</p>",FixedPrice
Draft,EHC-TMP-0058,57990,Roundtree & Yorke Mens S Striped Non Iron Button Down Shirt,,10.00,1,,USED_EXCELLENT,"Roundtree & Yorke Luxury Collection men's size S striped non-iron button-down shirt. Label states 55% cotton and 45% polyester, Made in Hong Kong, with single-needle tailoring. Full garment views, measurements and condition remain pending.<br><ul><li>Brand: Roundtree & Yorke</li><li>Size: S</li><li>Color: White, navy, gray and beige</li><li>Material: 55% cotton / 45% polyester</li><li>Pattern: Vertical stripes</li><li>Style: Single-needle tailoring; non-iron finish; striped woven button-down; full garment features not shown</li><li>Condition: Condition not confirmed — full garment photos required</li></ul><br><p>Condition notes: Neck labels confirm size S, 55% cotton / 45% polyester, Made in Hong Kong, single-needle tailoring and non-iron finish. Full front/back, measurements, storage, cost and complete condition remain pending. Source photo is saved in the 2026-06-29 Tag Intake folder.</p><br><p>Sourced and inspected by EHC. Ships fast from a smoke-free space.</p>",FixedPrice
Draft,EHC-TMP-0059,53159,Under Armour Womens Gray Short Sleeve Athletic Blouse Top,,12.00,1,,USED_EXCELLENT,"Under Armour women's heather-gray short-sleeve athletic blouse or top, Made in Cambodia. The exact size, material, model, measurements and complete condition remain unconfirmed because only the neck area was photographed.<br><ul><li>Brand: Under Armour</li><li>Color: Heather gray</li><li>Pattern: Heathered solid</li><li>Style: Short sleeves; lightweight heathered athletic fabric; Under Armour interior neck print; retail tag identifies W SS Blouse</li><li>Condition: Pre-owned or store-tagged; full inspection required</li></ul><br><p>Condition notes: Interior print confirms Under Armour and Made in Cambodia. Retail tag identifies a women's short-sleeve blouse, but size, material, full front/back, measurements and condition are not visible. Source photo is saved in the 2026-06-29 Tag Intake folder.</p><br><p>Sourced and inspected by EHC. Ships fast from a smoke-free space.</p>",FixedPrice
Draft,EHC-TMP-0060,15687,Nike Athletics Mens XL Red Short Sleeve Graphic T Shirt,,,1,,USED_EXCELLENT,"Nike men's size XL red short-sleeve crewneck T-shirt with a small centered swoosh and ATHLETICS chest graphic. Plain back. Approx. 23 in pit-to-pit and 24 in across the lower hem. Made in Mexico. Pre-owned with fading and possible small dark marks; verify material, length and complete condition before listing.<br><ul><li>Brand: Nike</li><li>Size: XL</li><li>Color: Red</li><li>Pattern: Solid</li><li>Style: Short sleeves; crew neck; small centered Nike swoosh and ATHLETICS chest graphic; plain back; white-and-red woven Nike neck tag</li><li>Condition: Pre-owned; visible fading and possible small dark marks; final inspection required</li></ul><br><p>Condition notes: Full front, back and ruler photos correct the prior label-only misclassification: this is a short-sleeve T-shirt, not a fleece sweatshirt. Approx. 23 in pit-to-pit and about 24 in across the lower hem. Inspect the upper front/right sleeve area for possible dark marks. Length, material, storage location, cost and complete condition remain pending. Source folder: https://drive.google.com/drive/folders/1oqlB4ap205Z8EVIS3vU65me53882g5MM</p><br><p>Sourced and inspected by EHC. Ships fast from a smoke-free space.</p>",FixedPrice
Draft,EHC-TMP-0061,63862,Greys Anatomy by Barco Womens M Royal Blue Snap Front Scrub Jacket,,14.00,1,,USED_EXCELLENT,"Grey's Anatomy Professional Wear by Barco women's size M royal-blue snap-front scrub jacket. Long sleeves, round neckline and two lower patch pockets. 77% polyester / 23% rayon; Made in Vietnam. Approx. 18.5 in pit-to-pit, 18.5 in length and 23 in across the lower hem. Final inspection remains required.<br><ul><li>Brand: Grey's Anatomy by Barco</li><li>Size: M</li><li>Color: Royal blue</li><li>Material: 77% polyester / 23% rayon</li><li>Pattern: Solid</li><li>Style: Long sleeves; round neckline; snap front; two lower patch pockets; professional medical workwear</li><li>Condition: Pre-owned; visible lint; final inspection required</li></ul><br><p>Condition notes: Six routed images now include full front, full back, label and three ruler views. Approx. 18.5 in pit-to-pit, 18.5 in shoulder-to-hem and 23 in across the lower hem. Storage location, cost, sleeve measurement and complete flaw inspection remain pending. Source folder: https://drive.google.com/drive/folders/1xxmMhod9vGJWmaVt7Hlebk7ygcVRvgK5</p><br><p>Sourced and inspected by EHC. Ships fast from a smoke-free space.</p>",FixedPrice
Draft,EHC-TMP-0062,57988,Nike Cream Sherpa Fleece Jacket Label Unverified,,30.00,1,,USED_EXCELLENT,"Cream sherpa-fleece outerwear with a Nike label that still requires attachment and identity verification. Size, department, material, measurements, storage location, cost and full condition remain unconfirmed.<br><ul><li>Brand: Nike (unconfirmed)</li><li>Color: Cream</li><li>Style: Identification based on live thrift-scan photos; exact construction requires full intake photos.</li><li>Condition: Purchased; final inspection required</li></ul><br><p>Condition notes: Confirmed purchased. Full front, back, tag, measurements, storage location and complete condition must be verified before listing.</p><br><p>Sourced and inspected by EHC. Ships fast from a smoke-free space.</p>",FixedPrice
Draft,EHC-TMP-0063,57988,GAP Black Utility Tech Jacket Multi Pocket Outerwear,,30.00,1,,USED_EXCELLENT,"GAP black utility or tech-style jacket. Exact model, size, department, material, zipper and lining details, measurements, storage location, cost and full condition remain unconfirmed.<br><ul><li>Brand: GAP</li><li>Color: Black</li><li>Style: Identification based on live thrift-scan photos; exact construction requires full intake photos.</li><li>Condition: Purchased; final inspection required</li></ul><br><p>Condition notes: Confirmed purchased. Full front, back, tag, measurements, storage location and complete condition must be verified before listing.</p><br><p>Sourced and inspected by EHC. Ships fast from a smoke-free space.</p>",FixedPrice
Draft,EHC-TMP-0064,11483,7 For All Mankind Gray Denim Jogger Pants,,24.00,1,,USED_EXCELLENT,"7 For All Mankind gray denim jogger-style pants. Department, tagged size, material, measurements, storage location and complete condition remain unconfirmed.<br><ul><li>Brand: 7 For All Mankind</li><li>Color: Gray</li><li>Style: Identification based on live thrift-scan photos; exact construction requires full intake photos.</li><li>Condition: Purchased; final inspection required</li></ul><br><p>Condition notes: Confirmed purchased. Full front, back, tag, measurements, storage location and complete condition must be verified before listing.</p><br><p>Sourced and inspected by EHC. Ships fast from a smoke-free space.</p>",FixedPrice
Draft,EHC-TMP-0065,57988,Columbia Black Sherpa Fleece Jacket Size Large,,25.00,1,,USED_EXCELLENT,"Columbia black sherpa-fleece jacket in size Large. Exact model, department, material, measurements, storage location, cost and complete condition remain unconfirmed; inspect cuffs, elbows, zipper and odor.<br><ul><li>Brand: Columbia</li><li>Size: L</li><li>Color: Black</li><li>Style: Identification based on live thrift-scan photos; exact construction requires full intake photos.</li><li>Condition: Purchased; final inspection required</li></ul><br><p>Condition notes: Confirmed purchased. Full front, back, tag, measurements, storage location and complete condition must be verified before listing.</p><br><p>Sourced and inspected by EHC. Ships fast from a smoke-free space.</p>",FixedPrice
Draft,EHC-TMP-0066,53120,Rockport Tan Leather Plain Toe Derby Shoes,,25.00,1,,USED_EXCELLENT,"Rockport tan-brown leather plain-toe derby shoes. Tagged size, exact model, storage location, cost and complete condition remain unconfirmed; inspect soles, interiors and sole separation.<br><ul><li>Brand: Rockport</li><li>Color: Tan / Brown</li><li>Style: Identification based on live thrift-scan photos; exact construction requires full intake photos.</li><li>Condition: Purchased; final inspection required</li></ul><br><p>Condition notes: Confirmed purchased. Full front, back, tag, measurements, storage location and complete condition must be verified before listing.</p><br><p>Sourced and inspected by EHC. Ships fast from a smoke-free space.</p>",FixedPrice
Draft,EHC-TMP-0067,11483,Abercrombie Kids Pink High Rise Wide Leg Jeans 13 14,,23.00,1,,USED_EXCELLENT,"Abercrombie Kids pink high-rise wide-leg jeans in size 13/14. Material, measurements, exact style details, storage location and complete condition remain unconfirmed.<br><ul><li>Brand: Abercrombie Kids</li><li>Size: 13/14</li><li>Color: Pink</li><li>Style: Identification based on live thrift-scan photos; exact construction requires full intake photos.</li><li>Condition: Purchased; final inspection required</li></ul><br><p>Condition notes: Confirmed purchased. Full front, back, tag, measurements, storage location and complete condition must be verified before listing.</p><br><p>Sourced and inspected by EHC. Ships fast from a smoke-free space.</p>",FixedPrice
Draft,EHC-TMP-0068,11483,Lee Jeans New With Tags Size and Fit Unconfirmed,,25.00,1,,USED_EXCELLENT,"Lee jeans with retail tags attached. Department, size, fit, wash, measurements, storage location and tag or garment condition remain unconfirmed.<br><ul><li>Brand: Lee</li><li>Style: Identification based on live thrift-scan photos; exact construction requires full intake photos.</li><li>Condition: Purchased; final inspection required</li></ul><br><p>Condition notes: Confirmed purchased. Full front, back, tag, measurements, storage location and complete condition must be verified before listing.</p><br><p>Sourced and inspected by EHC. Ships fast from a smoke-free space.</p>",FixedPrice
Draft,EHC-TMP-0069,15687,Adidas Amplifier Graphic T Shirt Size 5X,,22.00,1,,USED_EXCELLENT,"Adidas Amplifier graphic T-shirt in size 5X. Department, exact graphic, color, material, measurements, storage location, cost and complete condition remain unconfirmed.<br><ul><li>Brand: Adidas</li><li>Size: 5X</li><li>Style: Identification based on live thrift-scan photos; exact construction requires full intake photos.</li><li>Condition: Purchased; final inspection required</li></ul><br><p>Condition notes: Confirmed purchased. Full front, back, tag, measurements, storage location and complete condition must be verified before listing.</p><br><p>Sourced and inspected by EHC. Ships fast from a smoke-free space.</p>",FixedPrice
Draft,EHC-TMP-0070,185100,Disney Parks Red Mickey Embroidered Polo Shirt US XXL,,22.00,1,,USED_EXCELLENT,"Disney Parks Authentic Original red polo shirt, tagged US XXL / EU XXXL / HK XXXL and Made in Philippines. Current photos confirm the neck print and back only. Verify the full front, embroidery, material, measurements and complete condition before publishing.<br><ul><li>Brand: Disney Parks</li><li>Size: US XXL / EU XXXL / HK XXXL</li><li>Color: Red</li><li>Pattern: Solid</li><li>Style: Short sleeves; ribbed polo collar; two-button placket; Disney Parks Authentic Original neck print; front embroidery not shown in current intake photos</li><li>Condition: Purchased; pre-owned; final inspection required</li></ul><br><p>Condition notes: Three routed images now confirm Disney Parks Authentic Original, red color, US XXL / EU-HK XXXL sizing and Made in Philippines. Full front/embroidery, material tag, measurements, storage location, allocated cost and complete condition remain pending. Source folder: https://drive.google.com/drive/folders/1hAd2H927mgL2MZ5ESGRiZSroCqp0D5k6</p><br><p>Sourced and inspected by EHC. Ships fast from a smoke-free space.</p>",FixedPrice
Draft,EHC-TMP-0071,57989,American Eagle Brown Utility Cargo Pants,,21.00,1,,USED_EXCELLENT,"American Eagle brown utility or cargo pants. Department, size, exact silhouette, material, measurements, storage location, cost and complete condition remain unconfirmed.<br><ul><li>Brand: American Eagle</li><li>Color: Brown</li><li>Style: Identification based on live thrift-scan photos; exact construction requires full intake photos.</li><li>Condition: Purchased; final inspection required</li></ul><br><p>Condition notes: Confirmed purchased. Full front, back, tag, measurements, storage location and complete condition must be verified before listing.</p><br><p>Sourced and inspected by EHC. Ships fast from a smoke-free space.</p>",FixedPrice
Draft,EHC-TMP-0072,11483,Lucky Brand Ankle Jeans Size 8 29,,18.00,1,,USED_EXCELLENT,"Lucky Brand ankle-fit jeans in size 8/29. Color, exact fit name, rise, material, measurements, storage location and complete condition remain unconfirmed.<br><ul><li>Brand: Lucky Brand</li><li>Size: 8 / 29</li><li>Style: Identification based on live thrift-scan photos; exact construction requires full intake photos.</li><li>Condition: Purchased; final inspection required</li></ul><br><p>Condition notes: Confirmed purchased. Full front, back, tag, measurements, storage location and complete condition must be verified before listing.</p><br><p>Sourced and inspected by EHC. Ships fast from a smoke-free space.</p>",FixedPrice
Draft,EHC-TMP-0073,15687,Spyder Large Logo Blue Graphic T Shirt Size S P,,15.00,1,,USED_EXCELLENT,"Spyder blue large-logo graphic T-shirt in size S/P. Department, material, measurements, storage location, cost and complete condition remain unconfirmed.<br><ul><li>Brand: Spyder</li><li>Size: S/P</li><li>Color: Blue</li><li>Style: Identification based on live thrift-scan photos; exact construction requires full intake photos.</li><li>Condition: Purchased; final inspection required</li></ul><br><p>Condition notes: Confirmed purchased. Full front, back, tag, measurements, storage location and complete condition must be verified before listing.</p><br><p>Sourced and inspected by EHC. Ships fast from a smoke-free space.</p>",FixedPrice
Draft,EHC-TMP-0074,57991,Stafford Personal Collection Mens 16 White Grid Dress Shirt,,,1,,USED_EXCELLENT,"Stafford Personal Collection men's long-sleeve button-up dress shirt, size 16, in white with a fine black-and-gray grid pattern. 60% cotton / 40% polyester. Approx. 20.5 in pit-to-pit, 30 in length and 25.5 in sleeve. Pre-owned with wrinkling; country and complete condition remain unconfirmed.<br><ul><li>Brand: Stafford</li><li>Size: 16</li><li>Color: White with black and gray grid</li><li>Material: 60% cotton / 40% polyester</li><li>Pattern: Micro-check / grid</li><li>Style: Long sleeves; point collar; button front; curved shirttail hem; Stafford Personal Collection neck label</li><li>Condition: Pre-owned; wrinkling; final inspection required</li></ul><br><p>Condition notes: User corrected the brand identification to Stafford. Six routed images support a Stafford Personal Collection white micro-grid long-sleeve dress shirt, size 16, with 60% cotton / 40% polyester fabric. Approx. 20.5 in pit-to-pit, 30 in shoulder-to-hem and 25.5 in sleeve from shoulder seam. Country, storage location, cost and complete flaw inspection remain pending. Source folder: https://drive.google.com/drive/folders/1CqpQDRKKl_VGENwg4nNEjyxrbIZCqLDF</p><br><p>Sourced and inspected by EHC. Ships fast from a smoke-free space.</p>",FixedPrice
Draft,EHC-TMP-0075,63862,Ralph Lauren Womens L Cream Cropped Utility Jacket Button Front,,,1,,USED_EXCELLENT,"Ralph Lauren women's cream/ivory cropped jacket, listed as size L, with a pointed collar, button front and two flap chest pockets. Exact label line, material, country, measurements and complete condition remain unconfirmed; inspect before cross-listing.<br><ul><li>Brand: Ralph Lauren (exact line unconfirmed)</li><li>Size: L</li><li>Color: Cream / ivory</li><li>Pattern: Solid</li><li>Style: Long sleeves; pointed collar; button-front closure; cropped silhouette; two button-flap chest pockets; structured utility-inspired design</li><li>Condition: Pre-owned; final inspection required</li></ul><br><p>Condition notes: Facebook Marketplace listing and garment photos confirm a cream cropped jacket and size L in the listing. Exact Ralph Lauren line, material, country, measurements, buttons, stains, discoloration and complete condition still require verification. Current Facebook asking price shown: $35; this is not a sold comparable.</p><br><p>Sourced and inspected by EHC. Ships fast from a smoke-free space.</p>",FixedPrice
Draft,EHC-TMP-0076,11483,Levis Mens 33x30 Light Wash Slim Fit Denim Jeans,,,1,,USED_EXCELLENT,"Levi's men's light-wash denim jeans in size 33x30, described as slim/skinny fit. Exact model, fabric content, measurements and complete condition remain unconfirmed; inspect the waistband, crotch, knees and hems before cross-listing.<br><ul><li>Brand: Levi's</li><li>Size: 33x30</li><li>Color: Light blue wash</li><li>Material: Denim; fiber content not confirmed</li><li>Pattern: Solid denim wash</li><li>Style: Slim/skinny fit stated in listing; five-pocket denim construction; belt loops; button-and-zip closure presumed but must be verified</li><li>Condition: Pre-owned; final inspection required</li></ul><br><p>Condition notes: Facebook Marketplace listing identifies Levi's blue denim jeans in size 33x30 with a slim/skinny fit and light wash. Verify model/fit number, material percentages, rise, measurements, hems, crotch, stains and complete condition. Current Facebook asking price shown: $20; this is not a sold comparable.</p><br><p>Sourced and inspected by EHC. Ships fast from a smoke-free space.</p>",FixedPrice
Draft,EHC-TMP-0077,11483,DKNY Stanton Mens 32x30 Dark Blue Stretch Slim Fit Jeans,,,1,,USED_EXCELLENT,"DKNY Stanton men's dark-blue stretch jeans in size 32x30 with a slim-fit silhouette. Material percentages, measurements and complete condition remain unconfirmed; inspect the waistband, zipper, crotch, knees and hems before cross-listing.<br><ul><li>Brand: DKNY</li><li>Size: 32x30</li><li>Color: Dark blue</li><li>Material: Stretch denim; fiber percentages not confirmed</li><li>Pattern: Solid dark-wash denim</li><li>Style: Stanton line; slim fit; stretch denim stated in listing; five-pocket styling; belt loops</li><li>Condition: Pre-owned; final inspection required</li></ul><br><p>Condition notes: Facebook Marketplace listing identifies DKNY Stanton men's jeans in size 32x30, dark blue, slim fit and stretch denim. Verify style tag, material percentages, rise, measurements, hardware, fading, marks and complete condition. Current Facebook asking price shown: $30; this is not a sold comparable.</p><br><p>Sourced and inspected by EHC. Ships fast from a smoke-free space.</p>",FixedPrice
Draft,EHC-TMP-0078,57990,Van Heusen Mens M Navy Suede Style Button Up Shirt,,,1,,USED_EXCELLENT,"Van Heusen men's size M navy long-sleeve button-up shirt with a suede-like appearance. Genuine suede, exact age, material, measurements and complete condition are not confirmed; verify the care tag before making vintage or rarity claims.<br><ul><li>Brand: Van Heusen</li><li>Size: M</li><li>Color: Navy blue</li><li>Material: Suede claimed in listing; material tag not confirmed</li><li>Pattern: Solid</li><li>Style: Long sleeves; button-front shirt construction; pointed collar; suede-like appearance stated in listing; 1990s/vintage claim requires verification</li><li>Condition: Pre-owned; final inspection required</li></ul><br><p>Condition notes: Facebook Marketplace listing describes a vintage Van Heusen navy suede button-up shirt in men's size M. Only partial garment imagery is available. Verify whether the fabric is genuine suede, microsuede or another textile; confirm age, material, country, measurements, buttons, lining and complete condition. Current Facebook asking price shown: $75; rarity is unsupported and should not be claimed without evidence.</p><br><p>Sourced and inspected by EHC. Ships fast from a smoke-free space.</p>",FixedPrice
Draft,EHC-TMP-0079,57990,Banana Republic Mens Gray Plaid Slim Fit Long Sleeve Button Down Shirt,,,1,,USED_EXCELLENT,"Banana Republic men's gray-and-white micro-plaid long-sleeve button-down shirt with a Slim Fit label, button-down collar and chest pocket. Size, material, country, measurements and complete condition remain unconfirmed.<br><ul><li>Brand: Banana Republic</li><li>Color: Gray / white</li><li>Pattern: Micro-plaid / check</li><li>Style: Long sleeves; button-down collar; full button front; single chest pocket; Slim Fit label; curved shirttail hem</li><li>Condition: Pre-owned; final inspection required</li></ul><br><p>Condition notes: Front and back photos confirm a Banana Republic gray micro-plaid long-sleeve button-down with a Slim Fit label, button-down collar and chest pocket. Size, material, country, measurements, collar and cuff wear, stains and complete condition remain unconfirmed.</p><br><p>Sourced and inspected by EHC. Ships fast from a smoke-free space.</p>",FixedPrice
Draft,EHC-TMP-0080,63862,London Fog Womens M Petite Beige Hooded Raincoat Lightweight Coat,,,1,,USED_EXCELLENT,"London Fog women's beige/tan hooded raincoat in size M Petite, made in Sri Lanka. Features long sleeves, a covered front closure, two front welt pockets and a lightweight mid-thigh silhouette. Material, measurements and complete condition remain unconfirmed.<br><ul><li>Brand: London Fog</li><li>Size: M Petite</li><li>Color: Beige / tan</li><li>Pattern: Solid</li><li>Style: Attached hood; concealed or covered front closure; long sleeves; two front welt pockets; mid-thigh coat length; lightweight raincoat silhouette</li><li>Condition: Pre-owned; final inspection required</li></ul><br><p>Condition notes: Full front and label photos confirm London Fog, size M Petite and Made in Sri Lanka. Verify material, waterproofing, lining, closure type, hood construction, measurements, stains, discoloration, pocket condition and complete wear before listing.</p><br><p>Sourced and inspected by EHC. Ships fast from a smoke-free space.</p>",FixedPrice
Draft,EHC-TMP-0081,63862,Quinn Womens S Taupe Brown Lined Blazer Jacket,,,1,,USED_EXCELLENT,"QUINN women's size S taupe-brown lined blazer or tailored jacket, made in China. Full garment construction, material, measurements and complete condition remain unconfirmed because only the interior label and partial lapel area are visible.<br><ul><li>Brand: Quinn</li><li>Size: S</li><li>Color: Taupe / brown</li><li>Pattern: Solid</li><li>Style: Notched lapel appearance; lined interior; front button visible; tailored blazer silhouette; exact construction requires full-item photos</li><li>Condition: Pre-owned; final inspection required</li></ul><br><p>Condition notes: Interior label photo confirms QUINN, size S and Made in China. The visible lapel, lining and button suggest a taupe/brown blazer or tailored jacket, but full front and back photos are missing. Verify exact garment type, material, measurements, pockets, closure, stains and complete condition before listing.</p><br><p>Sourced and inspected by EHC. Ships fast from a smoke-free space.</p>",FixedPrice
